Year,Month,Day,TempMax,TempAvg,TempMin,DewPointMax,DewpointAvg,DewpointMin,HumidityMax,HumidityAvg,HumidityMin,WindspeedMax,WindSpeedAvg,WindspeedMin,PressureMax,PressureAvg,PressureMin,TotalPrecipitation,Risk,City
2019,9,1,93,78,68,65,62.6,58,81,60.9,38,14,5.7,0,29.1,29.1,29,0,0,1
2019,9,2,95,81,70,66,62,56,81,55.5,32,14,5.4,0,29.1,29.1,29.1,0,0,1
2019,9,3,93,82.8,74,67,60.2,47,76,49.8,23,12,4.7,0,29.1,29.1,29,0,0,1
2019,9,4,98,84.1,73,61,57.7,50,62,42.4,26,15,4,0,29.1,29,29,0,0,1
2019,9,5,95,83.5,76,62,56.8,45,58,41.9,26,12,5.5,0,29.2,29.1,29,0,0,1
2019,9,6,92,81.5,73,62,58.2,52,68,46.5,30,10,4.6,0,29.2,29.2,29.1,0,0,1
2019,9,7,94,79.7,68,59,54.8,39,65,45.1,15,15,6.5,0,29.1,29.1,29,0,0,1
2019,9,8,79,70.7,63,57,54.9,51,75,58.5,39,13,5.7,0,29.1,29,29,0,0,1
2019,9,9,80,70.2,62,62,57.6,46,84,65.1,50,12,5.2,0,29.1,29,29,0,0,1
2019,9,10,76,68.8,65,62,59.5,57,87,73,55,12,7.4,3,29.1,29.1,29,0,0,1
2019,9,11,80,68.8,62,62,59,56,84,72.6,46,13,3.9,0,29.2,29.1,29.1,0,0,1
2019,9,12,94,76.4,62,63,55.5,40,84,54.6,15,9,3.9,0,29.2,29.1,29.1,0,0,1
2019,9,13,97,82.5,66,63,49,39,78,36.7,15,10,4.3,0,29.1,29.1,29,0,0,1
2019,9,14,97,82.2,67,64,54,46,69,41,21,13,4.4,0,29.1,29.1,29,0,0,1
2019,9,15,89,76.5,67,63,55.8,43,78,50.8,22,13,5.3,0,29.1,29.1,29,0,0,1
2019,9,16,84,72.3,65,63,57.9,47,93,64.7,27,13,6.1,0,29.1,29.1,29,0,0,1
2019,9,17,81,70.7,62,61,56.9,52,87,64.1,39,9,4.4,0,29.2,29.1,29.1,0,0,1
2019,9,18,81,71,63,61,57,48,81,63,35,10,5.5,0,29.1,29.1,29,0,0,1
2019,9,19,77,68.2,64,61,58.3,56,88,71.8,48,12,5.8,0,29.1,29,29,0,0,1
2019,9,20,79,68.6,60,62,56.8,54,83,67.4,44,10,4,0,29.1,29,29,0,0,1
2019,9,21,91,75.2,60,60,51.4,39,81,49.1,17,12,3.3,0,29.1,29,29,0,0,1
2019,9,24,91,74.9,62,60,56.5,48,84,57.8,23,9,4.3,0,29.1,29,29,0,0,1
2019,9,25,85,73,65,63,59.7,54,81,65,38,13,7.5,0,29.1,29,28.9,0,0,1
2019,9,26,74,70,67,63,60.1,59,79,71.3,61,12,6.5,3,29.2,29.1,29.1,0,0,1
2019,9,27,72,67.8,66,59,57.9,57,78,70.6,59,8,5.5,3,29.1,29.1,29,0,0,1
2019,9,28,68,64.8,62,61,57.8,55,93,78.3,70,12,8,5,29,29,28.9,0,0,1
2019,9,29,71,62.8,57,55,48.5,40,78,61.2,33,13,4.5,0,29.1,29,29,0.05,0,1
2019,9,30,72,62,52,46,42,34,69,49.9,25,13,3.4,0,29.1,29,29,0,0,1
2019,10,1,73,62.4,52,50,42.9,36,64,50.2,27,10,3.6,0,29.1,29,29,0,1,1
2019,10,2,82,67,54,51,42.5,29,69,46,15,9,3.4,0,29.1,29.1,29,0,1,1
2019,10,3,78,66.3,54,50,44,37,65,45.8,33,13,4,0,29.1,29.1,29.1,0,1,1
2019,10,4,77,65.9,54,54,47.2,42,72,52.9,32,13,3.8,0,29.2,29.1,29.1,0,1,1
2019,10,5,84,68.8,54,50,45,41,69,45.6,24,10,2.8,0,29.2,29.2,29.1,0,1,1
2019,10,6,90,72.3,54,52,41,29,60,37.3,12,7,3.4,0,29.2,29.2,29.1,0,1,1
2019,10,7,88,73,58,58,41.1,33,73,35.5,16,10,3.6,0,29.2,29.1,29,0,1,1
2019,10,8,83,68.8,58,58,46.7,37,81,48.3,26,12,5,0,29.1,29,29,0,1,1
2019,10,9,74,63.8,59,57,54.8,53,87,73.9,48,10,6,0,29.1,29,29,0,1,1
2019,10,10,82,69.4,59,54,33.9,-21,78,42.8,2,14,4.8,0,29.1,29.1,29,0,1,1
2019,10,11,84,71.5,58,18,8.4,-2,20,10.2,4,12,3.8,0,29.2,29.1,29,0,1,1
2019,10,12,84,68.8,56,43,21.8,7,46,19.8,6,10,3,0,29.1,29,29,0,1,1
2019,10,13,76,63.8,53,55,41.5,29,83,46.6,31,10,4.3,0,29.1,29,29,0,1,1
2019,10,14,73,62.4,54,55,50.9,44,84,67.5,38,12,3.7,0,29.1,29.1,29.1,0,1,1
2019,10,15,88,70,53,53,42.1,32,81,42.3,14,8,2.8,0,29.2,29.1,29.1,0,1,1
2019,10,16,89,73.8,60,54,41.8,34,60,34.9,16,10,3.6,0,29.1,29.1,29,0,1,1
2019,10,17,77,66.3,60,57,50.8,26,87,60.1,21,22,7,0,29,29,28.9,0,1,1
2019,10,18,77,66.8,58,55,44.2,25,87,47,20,10,5.9,0,29.1,29.1,29,0,1,1
2019,10,19,79,67.2,55,50,40.4,31,56,38.9,22,10,4.6,0,29.1,29.1,29,0,1,1
2019,10,20,88,75.2,62,49,37,29,62,27.6,12,16,8.4,0,29.1,29.1,29,0,1,1
2019,10,21,90,75.6,60,37,33.1,31,36,22.8,12,10,3.1,0,29.2,29.2,29.1,0,1,1
2019,10,22,94,76.5,61,38,33.6,26,39,23.5,9,13,3.3,0,29.3,29.2,29.1,0,1,1
2019,10,23,92,75.6,61,46,36.2,31,36,25.8,12,7,2.5,0,29.1,29.1,29,0,1,1
2019,10,24,95,80,65,45,18.7,2,45,16,3,21,6,0,29.2,29.1,29.1,0,1,1
2019,10,25,92,76.2,61,30,20.2,13,24,13.1,7,10,3.5,0,29.2,29.1,29.1,0,1,1
2019,10,26,87,71.8,58,52,34.1,26,63,27.8,11,10,3.9,0,29.1,29,28.9,0,1,1
2019,10,27,70,63,57,58,50.7,15,87,66.8,15,16,6.8,0,29.1,29,28.9,0,1,1
2019,10,28,76,64,54,43,22.5,5,64,24.5,6,12,5.5,0,29.2,29.1,29.1,0,1,1
2019,10,29,69,58.6,47,48,35.9,20,69,44,25,12,4.4,0,29.1,29.1,29,0,1,1
2019,10,30,73,59.5,50,45,18.8,-12,72,32,5,10,4.2,0,29.3,29.3,29.2,0,1,1
2019,10,31,75,59.7,42,9,1.1,-6,25,11.4,4,13,4,0,29.3,29.3,29.2,0,1,1
2019,11,1,82,63.8,49,18,3.5,-13,18,11,2,6,2.9,0,29.3,29.2,29.2,0,0,1
2019,11,2,83,64.9,49,32,14.3,-3,32,16.3,4,8,2.7,0,29.3,29.2,29.1,0,0,1
2019,11,3,81,62.3,46,35,23.7,13,37,25.3,8,9,2.6,0,29.2,29.1,29.1,0,0,1
2019,11,4,83,64,48,44,29.6,16,59,30.9,8,9,1.8,0,29.2,29.1,29.1,0,0,1
2019,11,5,86,65.9,50,54,35.7,22,78,37.7,11,8,2.7,0,29.2,29.1,29.1,0,0,1
2019,11,6,74,60.8,51,55,47.4,33,94,64.3,37,9,3.6,0,29.2,29.2,29.1,0,0,1
2019,11,8,89,70.9,52,49,33,23,72,30.3,9,10,2.9,0,29.3,29.2,29.2,0,0,1
2019,11,9,89,72.2,55,34,24.5,18,38,19.3,8,9,3.3,0,29.2,29.2,29.1,0,0,1
2019,11,11,76,61.5,54,57,52.1,49,93,73.6,43,8,3.5,0,29.2,29.2,29.1,0,0,1
2019,11,12,83,63.9,52,56,49.2,41,100,63.8,23,7,3.3,0,29.3,29.2,29.1,0,0,1
2019,11,14,71,58.2,52,53,51,46,97,78.1,51,9,2.6,0,29.3,29.3,29.2,0,0,1
2019,11,15,70,58.9,50,53,50.2,45,86,74,51,8,1.9,0,29.3,29.2,29.1,0,0,1
2019,11,16,84,65.2,49,52,43.3,35,83,49.5,19,8,2.7,0,29.2,29.1,29.1,0,0,1
2019,11,17,88,70.4,53,38,29.2,23,49,25,10,10,3.4,0,29.2,29.1,29.1,0,0,1
2019,11,18,88,70.3,55,35,23.8,17,34,19.3,7,7,2.8,0,29.1,29.1,29,0,0,1
2019,11,19,78,64.6,57,56,42.7,26,83,51.1,15,13,6.5,0,29,28.9,28.7,0,0,1
2019,11,20,60,54,50,54,44.6,38,83,70.7,53,14,7.5,0,28.9,28.8,28.7,0,0,1
2019,11,21,63,56.2,48,49,44.8,41,80,66.5,48,8,4,0,29.2,29.1,28.9,0.33,0,1
2019,11,22,68,58.6,49,48,42.8,37,80,58.1,32,7,1.9,0,29.3,29.3,29.2,0,0,1
2019,11,23,73,59.6,48,39,36.8,33,69,45.1,23,8,1.4,0,29.3,29.3,29.2,0,0,1
2019,11,24,75,59.2,45,33,29.8,25,58,35.7,17,8,2.8,0,29.3,29.2,29.1,0,0,1
2019,11,25,70,58.3,45,45,27.3,7,58,35.2,11,26,8.7,0,29.1,29,28.9,0,0,1
2019,11,26,62,57,52,30,23.1,17,40,27.4,19,16,7.2,0,29.1,29,29,0,0,1
2019,11,27,54,49.9,45,46,40,29,90,70.5,38,18,7.9,0,28.9,28.8,28.8,0,0,1
2019,11,28,48,45.6,43,43,40.8,37,90,83.3,74,15,6.2,0,28.8,28.8,28.7,0.68,0,1
2019,11,29,55,45.5,38,40,36.5,30,93,73.4,38,14,3,0,29.2,29,28.8,0.8,0,1
2019,11,30,54,47.2,39,43,38.2,34,86,72.2,47,9,3,0,29.4,29.3,29.2,0,0,1
2019,11,1,73,54.3,38,54,29.2,18,81,44.3,12,12,2.7,0,30.1,30.1,30,0,0,3
2019,11,2,78,56.7,40,40,29.5,7,65,41.5,7,10,2.7,0,30.1,30,29.9,0,0,3
2019,11,3,71,55.5,45,59,47.9,35,100,77.7,47,8,2.5,0,30,29.9,29.9,0,0,3
2019,11,4,67,53.4,45,55,48.7,43,100,85.7,52,12,1.9,0,30,29.9,29.9,0,0,3
2019,11,5,70,56.2,44,58,50.1,41,97,81.6,50,12,3.2,0,30,30,29.9,0,0,3
2019,11,6,67,55.7,46,58,52.8,45,100,90.7,70,10,3.8,0,30,29.9,29.9,0,0,3
2019,11,7,66,59.3,49,56,53.3,46,93,80.9,68,14,4.7,0,30.1,30.1,30,0,0,3
2019,11,8,73,55.7,45,58,50.3,44,100,84.6,44,8,1.6,0,30.1,30.1,30,0,0,3
2019,11,9,78,57.3,47,59,51.1,45,100,82.8,33,9,1.7,0,30,30,29.9,0,0,3
2019,11,10,67,53.8,43,59,50,42,100,87.9,70,7,2.4,0,30,29.9,29.9,0,0,3
2019,11,11,66,59.4,54,56,54.9,53,97,85.5,68,9,4.5,0,30,30,29.9,0,0,3
2019,11,12,65,59.1,56,56,55.5,55,97,88.3,70,13,4.1,0,30.1,30,30,0,0,3
2019,11,13,65,58.4,54,55,53.1,50,90,83,70,14,5.7,0,30,30,30,0,0,3
2019,11,14,66,58.9,52,55,52.3,49,93,79.6,63,12,5.2,0,30.1,30.1,30,0,0,3
2019,11,15,66,56.8,50,56,51.4,47,93,82.8,67,9,2.6,0,30.1,30,30,0,0,3
2019,11,16,73,57.6,45,58,50.6,43,97,79.7,41,7,2,0,30,29.9,29.9,0,0,3
2019,11,17,83,63,45,45,38.5,29,83,48.3,14,12,3.4,0,30,29.9,29.9,0,0,3
2019,11,18,83,61.1,47,58,43.2,29,90,57.9,14,10,2.1,0,29.9,29.8,29.8,0,0,3
2019,11,19,70,55.3,47,58,46.5,39,96,73.4,52,13,4.7,0,29.8,29.7,29.5,0,0,3
2019,11,20,66,57.6,49,51,46.4,40,81,67.3,43,15,7.5,0,29.7,29.6,29.5,0,0,3
2019,11,21,63,55.6,47,49,46.1,43,90,71.7,54,9,2.9,0,30,29.9,29.7,0,0,3
2019,11,22,66,55.5,46,53,46.9,41,86,73.6,56,8,1.7,0,30.1,30.1,30.1,0,1,3
2019,11,23,73,57,44,46,40,35,86,57.5,25,12,3.1,0,30.1,30.1,30,0,1,3
2019,11,24,72,54.8,40,50,39.6,33,82,60.5,27,10,2.2,0,30.1,30,30,0,1,3
2019,11,25,69,57.6,38,54,35,11,93,53.2,12,18,6.7,0,29.9,29.8,29.8,0,1,3
2019,11,26,63,55,43,39,30.5,16,63,41.3,20,9,3.7,0,29.9,29.9,29.7,0,1,3
2019,11,27,58,50.4,42,48,44.5,38,93,81.5,57,16,8.3,0,29.7,29.6,29.6,0.34,1,3
2019,11,28,56,47.1,39,44,41.8,38,96,83.1,59,17,5.4,0,29.6,29.6,29.5,0.81,1,3
2019,11,29,57,46,37,42,38.2,34,97,76,47,15,4.3,0,30,29.9,29.6,0,1,3
2019,11,30,57,48.7,39,48,42.9,36,93,81.2,53,16,5.5,0,30.1,30.1,30,0.01,1,3
2019,12,1,62,54.9,48,47,44.3,42,86,68.6,48,14,7,0,30.1,30.1,30,0.06,1,3
2019,12,2,63,53.5,46,51,44.5,37,90,73.1,38,8,1.9,0,30.1,30.1,30.1,0,1,3
2019,12,3,62,55.5,47,55,48.5,44,93,78.6,52,10,2.8,0,30.1,30,29.9,0,1,3
2019,12,4,62,58.8,55,58,54.9,51,96,87.1,78,17,8.7,0,30,29.9,29.8,0.43,1,3
2019,12,5,62,57.6,52,56,52.3,50,97,83,70,10,5.1,0,30.1,30.1,30,0.33,1,3
2019,12,6,64,56.5,46,56,52.3,45,97,86.4,67,18,7.3,0,30.1,30.1,30.1,0,1,3
2019,12,7,62,58.9,57,59,57.4,56,100,94.6,86,12,6,0,30.1,30.1,30,0.13,1,3
2019,12,8,64,58,50,60,56.1,45,100,93.4,75,20,5,0,30.1,30,29.9,0.26,1,3
2019,12,9,65,54.4,46,54,47,42,93,77,48,12,3.5,0,30.1,30,30,0.24,1,3
2019,12,10,62,51.5,43,53,46.8,41,97,85,62,7,1.8,0,30.2,30.2,30.1,0,1,3
2019,12,11,67,54.7,42,55,47.5,41,97,78.4,47,8,3.3,0,30.2,30.2,30.1,0,1,3
2019,12,12,67,58.1,49,57,52.7,47,100,83,59,8,4,0,30.2,30.1,30.1,0,1,3
2019,12,13,73,59.8,47,59,52.4,47,100,78.8,44,13,3.1,0,30.1,30.1,30,0,1,3
2019,12,14,70,59.4,51,52,46.4,33,86,63.4,44,23,8.6,0,30,29.9,29.9,0,1,3
2019,12,15,65,55.3,45,37,30.2,23,65,40,22,16,9.3,0,30.1,30.1,29.9,0,0,3
2019,12,16,63,49.6,37,41,34.5,25,89,59.7,24,6,1.7,0,30.3,30.2,30.1,0,0,3
2019,12,17,63,49.4,36,41,33.3,28,86,57.3,27,13,4,0,30.2,30.1,30.1,0,0,3
2019,12,18,60,51.2,38,51,38.2,30,83,63.2,36,12,4.8,0,30.1,30,30,0,0,3
2019,12,19,62,51.5,42,45,40.1,36,89,67.2,38,7,2.9,0,30.2,30.1,30.1,0,0,3
2019,12,20,69,51.6,39,41,35.8,29,89,60.7,22,7,1.8,0,30.2,30.2,30.1,0,0,3
2019,12,21,65,54.7,42,42,37.2,32,79,54.2,37,12,4.9,0,30.1,30,29.9,0,0,3
2019,12,22,60,56,54,56,49.6,37,100,81,44,22,11.3,0,29.9,29.9,29.8,0,0,3
2019,12,23,56,51.3,43,53,48.9,42,97,91.7,80,8,2.9,0,29.9,29.8,29.8,1.66,0,3
2019,12,24,61,49.1,38,45,40.3,38,100,74.1,44,10,4.7,0,29.9,29.9,29.8,0.1,0,3
2019,12,25,56,50.5,43,51,44.5,37,97,80.7,62,24,10.3,0,30,29.8,29.7,0,0,3
2019,12,26,56,49,40,45,40.3,32,97,73.8,50,12,4,0,29.9,29.8,29.7,1.02,0,3
2019,12,27,62,49.7,36,41,34.6,31,82,58.3,36,15,5.4,0,30,29.9,29.9,0,0,3
2019,12,28,58,46.9,36,46,39.1,31,89,75.2,57,7,2.6,0,30.1,30.1,30,0,0,3
2019,12,29,59,50,38,50,44.7,37,97,82.8,65,8,3.3,0,30.2,30.1,30,0,0,3
2019,12,30,60,52.9,45,50,46.3,43,93,79.3,57,12,4.3,0,30,30,29.9,0.08,0,3
2019,12,31,65,51.7,43,52,44,39,97,77.8,39,8,2.4,0,30.1,30,30,0.04,0,3
2021,8,1,71,67.9,64,63,62,60,93,81.4,71,13,5.4,0,30,29.9,29.8,0,0,2
2021,8,2,73,66,61,64,61.7,60,97,86.2,71,10,4.9,0,30,29.9,29.9,0,0,2
2021,8,3,72,67.9,65,63,62.1,61,90,81.6,69,8,5.5,0,30,29.9,29.9,0,0,2
2021,8,4,72,66.6,63,63,61.1,60,97,82.9,66,9,7,3,30,29.9,29.9,0,0,2
2021,8,5,73,68,65,60,58,57,79,70.7,59,10,6.3,0,30,29.9,29.9,0,0,2
2021,8,6,72,68.1,65,58,56.9,55,78,67.7,57,12,5.5,0,29.9,29.9,29.9,0,0,2
2021,8,7,75,68.6,65,60,58.2,56,81,69.8,55,13,5.5,0,30,29.9,29.9,0,0,2
2021,8,8,75,68.5,65,61,59.9,58,84,74.7,60,13,4.9,0,30,30,29.9,0,0,2
2021,8,9,75,69.2,66,61,60.1,60,81,73.5,62,15,6.6,0,30,29.9,29.9,0,0,2
2021,8,10,74,68.5,66,61,60.2,60,81,75.2,64,14,6.8,0,30,29.9,29.9,0,0,2
2021,8,11,73,68.4,66,61,60.5,60,84,76.2,64,15,7.6,3,29.9,29.9,29.9,0,0,2
2021,8,12,76,68.5,64,64,61.4,60,90,78.6,62,10,6,0,29.9,29.9,29.9,0,0,2
2021,8,13,83,74.9,69,65,61,47,87,64.4,30,15,6.1,0,29.9,29.9,29.8,0,0,2
2021,8,14,85,76.3,69,66,62.8,56,87,64.8,37,14,5.3,0,29.9,29.9,29.8,0,0,2
2021,8,15,85,77.3,72,68,65.2,63,81,67.1,49,9,5.2,0,29.9,29.8,29.8,0,0,2
2021,8,16,78,74.3,72,68,66.6,65,84,76.9,68,10,6.3,3,29.9,29.9,29.8,0,0,2
2021,8,17,82,74.7,71,68,67,66,87,77.1,60,9,4.2,0,29.9,29.9,29.9,0,0,2
2021,8,18,82,76.3,72,69,68,67,87,75.7,62,13,5.2,0,29.9,29.9,29.8,0,0,2
2021,8,19,81,75.8,72,69,68.2,66,87,77.5,64,9,5,0,29.9,29.8,29.8,0,0,2
2021,8,20,84,75.3,72,69,67.4,63,88,76.9,49,14,3.9,0,29.8,29.8,29.7,0,0,2
2021,8,21,85,76.8,71,68,66.8,65,84,71.8,55,10,4.1,0,29.8,29.8,29.7,0,0,2
2021,8,22,87,79.6,76,70,68.3,65,79,69,48,10,4.1,0,29.9,29.9,29.8,0,0,2
2021,8,23,84,78.8,75,71,69.7,68,84,74.1,61,13,5.5,0,29.9,29.9,29.8,0,0,2
2021,8,24,82,76.4,73,70,68.5,66,83,76.6,65,14,8.4,5,29.9,29.8,29.8,0,0,2
2021,8,25,80,75.6,73,68,67.5,66,84,76.2,64,14,7.9,3,29.8,29.8,29.8,0,0,2
2021,8,26,79,73.6,70,68,66.4,66,87,78.3,64,16,7.8,3,29.8,29.8,29.7,0,0,2
2021,8,27,81,74.1,70,67,66,62,87,76.2,54,15,7.2,0,29.8,29.7,29.7,0,0,2
2021,8,28,77,72,69,66,64.3,63,84,77.1,64,14,7.4,0,29.9,29.8,29.8,0,0,2
2021,8,29,76,70.8,68,63,60.7,60,78,70.5,58,13,6.5,0,29.9,29.9,29.9,0,0,2
2021,8,30,77,71,67,60,59,58,76,66.2,54,15,6.5,0,29.9,29.9,29.8,0,0,2
2021,8,31,75,70.9,69,61,60.1,59,73,69,60,13,6.1,0,29.9,29.9,29.8,0,0,2
2021,9,1,77,72,68,61,60.2,60,76,66.8,58,14,7.2,0,30,29.9,29.9,0,0,2
2021,9,2,76,71.2,68,62,61.3,60,76,71.3,60,14,6.6,0,30,30,29.9,0,0,2
2021,9,3,78,72.2,69,65,63,62,81,73.2,60,13,4.9,0,30,29.9,29.9,0,1,2
2021,9,4,79,73.1,69,67,64.8,64,84,75.4,62,13,4.2,0,29.9,29.9,29.8,0,1,2
2021,9,5,91,79.8,71,66,64.6,63,81,61.4,41,10,5.3,0,29.9,29.8,29.8,0,1,2
2021,9,6,97,80.9,72,70,65.6,57,84,63,26,9,4,0,29.9,29.8,29.8,0,1,2
2021,9,7,75,72,68,69,66.8,66,94,83.7,73,15,8.4,3,29.8,29.8,29.7,0,1,2
2021,9,8,77,74,71,67,64.9,63,87,73.6,62,12,6.1,0,29.7,29.7,29.6,0,1,2
2021,9,9,81,73.5,67,66,64.4,62,84,73.8,52,10,3.9,0,29.9,29.8,29.7,0,1,2
2021,9,10,80,71.1,63,66,62.9,58,90,76.1,47,14,5,0,30,29.9,29.9,0,1,2
2021,9,11,80,71.6,64,65,61.3,56,90,71.4,43,10,3.5,0,30,29.9,29.9,0,1,2
2021,9,12,79,70.9,61,66,61.5,54,87,73,56,13,4.3,0,29.9,29.9,29.8,0,1,2
2021,9,13,77,71,66,64,62.9,61,84,76.1,60,13,3.9,0,29.9,29.9,29.9,0,1,2
2021,9,14,80,70.6,64,66,62.8,61,90,77.5,54,12,3.8,0,30,29.9,29.9,0,1,2
2021,9,15,81,73.6,64,65,60.5,51,87,65.4,44,13,4.7,0,30,30,29.9,0,1,2
2021,9,16,87,75,62,62,55.5,50,70,52.1,31,13,5,0,30,29.9,29.9,0,1,2
2021,9,17,87,76.4,64,60,51.8,43,65,43.7,25,13,5.2,0,29.9,29.9,29.8,0,1,2
2021,9,18,89,76.5,67,65,57.2,44,76,53.3,24,13,4.8,0,29.9,29.8,29.8,0,1,2
2021,9,19,80,73.4,68,65,62.4,55,84,69,56,14,5.6,0,29.9,29.8,29.8,0,1,2
2021,9,20,76,71.5,69,64,61.8,61,81,71.6,62,10,4,0,29.9,29.9,29.8,0,1,2
2021,9,21,75,70.8,68,62,61.3,60,81,72,60,13,4.9,0,30,29.9,29.9,0,1,2
2021,9,22,78,71.3,68,63,61.8,61,81,72.1,58,12,5.8,0,30,30,30,0,1,2
2021,9,23,81,70.9,65,65,62.4,60,87,75.3,50,12,4.6,0,30,30,29.9,0,1,2
2021,9,24,82,72.2,65,65,62.6,57,87,73,47,8,3.9,0,29.9,29.9,29.9,0,1,2
2021,9,25,75,69.8,66,63,61.3,60,88,75,60,9,5.7,0,30,29.9,29.9,0,0,2
2021,9,26,75,70.5,68,62,60.8,60,78,71.4,60,9,4.8,0,30,29.9,29.9,0,0,2
2021,9,27,74,70.1,66,61,60.5,60,84,71.9,62,9,4.7,0,29.9,29.9,29.9,0,0,2
2021,9,28,77,71.1,65,65,63,59,84,76,64,13,4.7,0,29.9,29.9,29.9,0,0,2
2021,9,29,89,73.3,68,66,64.2,58,87,74.6,35,15,6.4,0,30,29.9,29.9,0,0,2
2021,9,30,95,79.3,68,64,57.1,45,81,50,18,12,4.8,0,29.9,29.9,29.8,0,0,2
2020,11,1,94,79.2,64,38,31.1,26,33,18.5,10,9,5.5,0,29.6,29.6,29.5,0,0,4
2020,11,2,96,80.8,67,44,33.6,29,33,19.7,9,9,5.7,0,29.6,29.5,29.5,0,0,4
2020,11,3,94,80.8,66,46,41.8,37,43,26.8,14,9,4.7,0,29.5,29.5,29.4,0,0,4
2020,11,4,98,82.9,65,43,35.7,31,43,20.3,10,9,5.5,0,29.6,29.6,29.5,0,0,4
2020,11,5,97,85.3,75,35,31.2,29,20,14.6,9,9,5.1,0,29.6,29.5,29.3,0,0,4
2020,11,6,88,77.2,67,50,39.4,30,52,27.7,14,25,8.8,0,29.3,29.1,29.1,0,0,4
2020,11,7,67,60.5,54,47,39.5,33,69,47.8,28,21,11.2,0,29.3,29.2,29.1,0,0,4
2020,11,9,65,59.5,52,36,28.7,24,54,32.2,21,8,4.2,0,29.7,29.6,29.6,0,0,4
2020,11,10,70,59.8,50,29,21.6,13,44,25.5,11,7,4.6,0,29.7,29.6,29.5,0,0,4
2020,11,11,73,59.8,49,30,26.4,23,44,29.9,15,8,4,0,29.6,29.5,29.5,0,0,4
2020,11,12,75,62.8,50,36,30.2,26,54,31.4,17,9,4.2,0,29.6,29.5,29.5,0,0,4
2020,11,13,78,64.4,50,37,31.7,25,57,32.2,15,8,4.2,0,29.6,29.5,29.5,0,0,4
2020,11,14,85,68,56,40,32.5,16,47,30.5,8,8,3.5,0,29.7,29.6,29.5,0,0,4
2020,11,15,85,68.5,55,32,25,18,38,21.3,8,9,5,0,29.7,29.6,29.6,0,0,4
2020,11,16,89,72.4,58,37,26.7,22,30,19.5,10,10,6.3,0,29.6,29.6,29.5,0,0,4
2020,11,17,86,71,57,38,28.7,21,37,22.1,9,9,5.4,0,29.6,29.5,29.5,0,0,4
2020,11,18,85,70,58,39,32.7,25,42,27.2,12,9,3.5,0,29.5,29.5,29.4,0,0,4
2020,11,19,83,69.8,56,42,37.7,34,49,32,21,8,3.2,0,29.6,29.6,29.5,0,0,4
2020,11,20,85,72.3,58,39,33.7,32,46,25.6,16,8,4.6,0,29.6,29.6,29.5,0,0,4
2020,11,21,86,73.4,60,37,29.8,26,33,21.2,12,7,4.7,0,29.6,29.6,29.5,0,0,4
2020,11,22,81,69.8,60,38,29.1,25,37,22.8,13,8,3.2,0,29.5,29.4,29.3,0,0,4
2020,11,23,81,67.1,55,43,34.8,25,58,32.6,13,21,7.3,0,29.4,29.3,29.2,0,0,4
2020,11,24,79,65.3,51,42,28.4,20,68,30,12,10,4,0,29.6,29.5,29.4,0,0,4
2020,11,25,72,61.2,51,32,27.1,23,40,28.3,18,8,5.4,0,29.6,29.6,29.5,0,0,4
2020,11,26,72,63,51,38,19.3,8,55,21.7,11,20,10.1,0,29.7,29.6,29.5,0,0,4
2020,11,27,70,61.6,55,13,8.8,5,16,12.7,8,16,6.3,0,29.8,29.7,29.7,0,0,4
2020,11,28,74,59.6,47,28,17.2,9,30,20.2,12,9,5,0,29.8,29.7,29.6,0,0,4
2020,11,29,78,61.5,47,26,17.2,12,28,19.3,9,9,5,0,29.7,29.6,29.6,0,0,4
2020,11,30,78,61.7,50,27,19.2,15,31,21,10,9,4.5,0,29.7,29.7,29.6,0,0,4
2020,12,1,83,64.1,49,34,20,13,34,19.8,9,9,4.2,0,29.6,29.6,29.5,0,0,4
2020,12,2,76,63.1,51,25,15.3,9,28,16.8,10,13,5.6,0,29.8,29.7,29.6,0,0,4
2020,12,3,71,59.4,50,16,8.9,2,21,14.2,7,12,4.7,0,29.9,29.8,29.8,0,0,4
2020,12,4,74,58.2,46,21,9,0,33,15.6,7,10,5.6,0,29.8,29.7,29.6,0,0,4
2020,12,5,73,56.1,42,18,10.3,4,34,17.6,8,9,5.1,0,29.8,29.8,29.7,0,0,4
2020,12,6,76,59.5,46,23,13.4,5,33,18.1,7,10,4,0,29.8,29.7,29.6,0,0,4
2020,12,7,73,64.4,52,28,18.2,9,35,18.6,9,10,6,0,29.6,29.6,29.6,0,0,4
2020,12,8,80,71.8,60,20,14.1,11,19,11.3,8,8,5.8,0,29.7,29.6,29.6,0,0,4
2020,12,9,73,62,51,30,19.6,13,26,20,13,12,4.7,0,29.6,29.5,29.4,0,0,4
2020,12,10,71,58.1,46,38,30,23,51,35.8,20,8,3.5,0,29.5,29.5,29.4,0,0,4
2020,12,11,68,57.6,47,43,35.2,29,64,44.2,31,9,3.2,0,29.6,29.5,29.5,0,1,4
2020,12,12,70,59.9,49,45,36.2,19,61,43.8,18,23,6.6,0,29.8,29.5,29.4,0,1,4
2020,12,13,64,56,47,23,18.3,15,36,23.8,15,8,3.3,0,29.9,29.8,29.6,0,1,4
2020,12,14,70,56.6,44,31,23.7,16,40,28.8,20,13,4.3,0,29.6,29.6,29.5,0,1,4
2020,12,15,69,57.7,46,29,20,12,48,25.7,11,13,4.7,0,29.8,29.7,29.6,0,0,4
2020,12,16,69,56,43,26,17.7,12,40,23.8,12,8,3.6,0,29.8,29.7,29.6,0,0,4
2020,12,17,65,54.5,46,30,25.5,21,54,34.1,20,9,4.8,0,29.6,29.5,29.4,0,0,4
2020,12,18,72,60.4,48,40,28.5,20,69,34.8,16,13,6.6,0,29.8,29.7,29.5,0,0,4
2020,12,19,72,59.3,50,28,21.2,17,36,23.8,15,9,4.6,0,29.9,29.8,29.7,0,0,4
2020,12,20,75,58.4,44,30,22.5,16,48,26.9,14,9,3.6,0,29.8,29.7,29.6,0,0,4
2020,12,21,78,62.3,50,31,22.1,16,35,22.8,13,9,5.4,0,29.6,29.5,29.5,0,0,4
2020,12,22,72,60.2,52,36,30.6,24,47,33.4,24,10,3.8,0,29.6,29.5,29.5,0,0,4
2020,12,23,73,64.5,55,28,9.5,4,35,12.8,7,16,8.5,0,29.9,29.8,29.5,0,0,4
2020,12,24,64,55.2,49,38,18.5,4,61,28.6,9,7,3.4,0,29.9,29.8,29.7,0,0,4
2020,12,25,70,56.2,44,35,23.7,15,59,31.5,13,9,5.2,0,29.7,29.7,29.6,0.01,0,4
2020,12,26,71,57.5,45,28,22.5,14,49,27.6,14,9,3.2,0,29.7,29.6,29.5,0,0,4
2020,12,27,71,59.7,49,38,32.8,25,57,38.6,18,9,4.8,0,29.5,29.4,29.4,0,0,4
2020,12,28,59,52.4,47,46,39.5,36,97,62.9,42,22,6.8,0,29.5,29.4,29.3,0,0,4
2020,12,29,66,54.4,43,40,31.4,16,82,47.6,21,16,7.1,0,29.7,29.6,29.5,0.2,0,4
2020,12,30,72,58.9,47,29,17.4,7,43,22.3,8,10,5.1,0,29.8,29.7,29.6,0,0,4
2020,12,31,68,57.5,41,29,25.1,14,62,31.7,12,21,7.5,0,29.6,29.5,29.4,0,0,4
2020,11,1,89,72.8,58,46,33.1,19,48,27.6,8,12,4,0,29.1,29.1,29,0,0,4
2020,11,2,86,70.5,58,52,42.3,32,65,38.9,16,12,4.8,0,29.1,29,29,0,0,4
2020,11,3,83,67.8,58,53,49.2,42,84,55.2,24,10,3.4,0,29,29,28.9,0,0,4
2020,11,4,92,72.5,57,54,44.3,34,67,42.4,13,12,3.2,0,29.1,29,29,0,0,4
2020,11,5,92,75.1,61,45,34,27,52,25,10,7,3.3,0,29,28.9,28.8,0,0,4
2020,11,6,80,65.6,54,56,46.7,34,90,55.5,22,17,8.2,0,28.8,28.7,28.6,0,0,4
2020,11,7,58,51.9,48,48,43.7,37,93,74.7,46,23,9.7,0,28.8,28.7,28.7,0.02,0,4
2020,11,8,59,51.7,47,45,39.5,32,86,65.1,36,24,10,0,28.9,28.8,28.7,0.32,0,4
2020,11,9,61,50.6,40,39,31.3,21,93,53,21,8,4.1,0,29.1,29,28.9,0,0,4
2020,11,10,66,53.8,43,36,27.6,19,65,40.5,17,9,4.6,0,29.1,29.1,29,0,0,4
2020,11,11,69,55.7,45,41,31.3,20,63,43.5,17,9,4.6,0,29,29,28.9,0,0,4
2020,11,12,72,57.3,47,40,33.6,18,68,44.6,13,7,2.8,0,29,29,28.9,0,0,4
2020,11,13,69,56,45,46,38.7,30,80,55.5,26,9,4.2,0,29.1,29.1,29,0,0,4
2020,11,14,71,57.8,47,45,41.5,36,86,58.4,28,9,2.9,0,29.1,29.1,29,0,0,4
2020,11,15,85,66,49,39,26.5,12,56,28.2,6,7,3,0,29.1,29.1,29,0,0,4
2020,11,16,93,70.6,52,34,26.3,15,47,23.9,6,9,4.1,0,29.1,29,28.9,0,0,4
2020,11,17,82,67,55,35,28.7,19,42,26.3,10,13,4.5,0,29.1,29,29,0,0,4
2020,11,18,69,59.3,52,51,42.8,33,83,55.9,38,9,4.5,0,29.1,29.1,29,0,0,4
2020,11,19,74,60.6,50,51,47.1,37,93,65.2,26,8,2.1,0,29.1,29.1,29,0,0,4
2020,11,20,79,64.2,53,47,40.5,30,74,47.1,17,10,3.4,0,29.1,29.1,29,0,0,4
2020,11,21,81,64.9,51,48,38.8,25,66,43.3,13,8,2.5,0,29.1,29,29,0,0,4
2020,11,22,77,62.1,52,47,39.3,28,80,46.4,19,12,4.1,0,29,28.9,28.9,0,0,4
2020,11,23,64,54.4,47,49,46.3,43,86,74.9,54,12,4.3,0,28.9,28.9,28.8,0,0,4
2020,11,24,71,58.2,51,48,45,36,89,65.1,29,12,2.8,0,29.1,29,28.9,0,0,4
2020,11,25,67,56.1,47,51,43.9,34,93,66.5,34,10,4.1,0,29.1,29,29,0,0,4
2020,11,26,69,55.3,48,50,33.3,1,96,60.8,9,35,10.6,0,29.1,29,29,0,0,4
2020,11,27,69,59.1,47,21,4.7,-2,33,12.8,6,32,9.9,3,29.2,29.1,29.1,0,0,4
2020,11,28,72,54.6,41,20,14.4,3,41,24.3,7,7,3.3,0,29.2,29.1,29.1,0,0,4
2020,11,29,75,57.5,42,21,16.1,6,40,23.4,7,8,4.3,0,29.1,29.1,29,0,1,4
2020,11,30,79,61.5,48,27,17.5,5,35,21.8,6,6,2.5,0,29.1,29.1,29,0,1,4
2020,12,1,80,60.7,47,26,18.8,7,41,23.4,6,9,4,0,29.1,29,29,0,1,4
2020,12,2,79,63.8,47,20,11.3,2,34,15.1,7,31,10.6,0,29.1,29,29,0,1,4
2020,12,3,74,63.1,44,13,-1.2,-11,28,8.9,3,25,12.6,0,29.2,29.2,29.1,0,1,4
2020,12,4,73,56.3,42,15,7.4,-7,31,17.3,4,7,3.7,0,29.2,29.1,29.1,0,1,4
2020,12,5,74,55.5,39,17,8.1,-9,34,18.6,4,7,3,0,29.2,29.2,29.2,0,1,4
2020,12,6,76,57.3,42,21,12.9,0,37,20.9,5,8,3.5,0,29.2,29.1,29,0,1,4
2020,12,7,76,64,50,22,10.9,0,33,16.2,5,22,7.7,0,29,29,28.9,0,1,4
2020,12,8,79,71.6,59,15,3.8,0,18,7.5,5,25,11.4,0,29.1,29,29,0,1,4
2020,12,9,75,60.9,51,36,21,11,47,24.5,9,12,4,0,29.1,29,28.9,0,1,4
2020,12,10,65,54,46,47,37.1,28,80,55.9,26,13,5.2,0,29.1,29,28.9,0,1,4
2020,12,11,59,53.4,50,47,44.2,40,86,72.3,51,7,3.8,0,29.1,29.1,29,0,1,4
2020,12,12,58,52.9,50,48,45.5,38,83,76.3,59,8,3.2,0,29.1,29,28.9,0,1,4
2020,12,13,67,55.7,41,42,28.9,16,82,42.1,14,13,4.2,0,29.2,29.2,29.1,0,0,4
2020,12,14,64,55.6,46,43,35.8,23,71,48.3,27,7,3.8,0,29.1,29,29,0,0,4
2020,12,15,68,56.7,44,32,21.9,6,63,30.4,10,20,7.2,0,29.2,29.1,29.1,0,0,4
2020,12,16,72,57.5,43,29,20.9,10,43,26.9,11,9,4.1,0,29.1,29.1,29,0,0,4
2020,12,17,62,54.7,49,50,40.6,28,89,61.4,33,14,4.8,0,29,29,28.9,0,0,4
2020,12,18,67,53.7,45,48,38,20,100,64.9,18,23,6.5,0,29.2,29.1,29,0,0,4
2020,12,19,71,56.7,43,27,20.8,12,49,28.6,10,7,4.1,0,29.3,29.2,29.2,0,0,4
2020,12,20,81,59.5,41,23,17.4,9,43,23.2,7,8,4.8,0,29.2,29.1,29,0,0,4
2020,12,21,81,63.1,48,28,20.6,12,37,22.3,7,9,4.2,0,29,29,28.9,0,0,4
2020,12,22,72,58.4,48,47,30.2,18,86,40.4,13,8,3.7,0,29.1,29,29,0,0,4
2020,12,23,71,59.8,45,47,13,-18,93,31.8,3,24,8.6,0,29.2,29.1,29.1,0,0,4
2020,12,24,62,54.1,47,35,17.7,1,63,27.3,10,13,5.8,0,29.3,29.2,29.1,0,0,4
2020,12,25,73,56.3,42,38,33.7,24,85,48.5,17,8,4.3,0,29.1,29.1,29.1,0.01,0,4
2020,12,26,68,55.7,45,49,38.5,31,89,56.3,26,9,3.3,0,29.1,29.1,29,0,0,4
2020,12,27,62,52.1,47,49,45.9,41,97,80.5,46,12,4.2,0,29,28.9,28.9,0,0,4
2020,12,28,52,46.3,43,47,42,38,93,85.5,68,29,6.2,0,28.9,28.9,28.8,0.33,0,4
2020,12,29,60,49.8,39,40,33.1,18,89,57.5,23,14,5.2,0,29.2,29.1,28.9,0,0,4
2020,12,30,67,54.5,43,28,22,12,51,31.2,12,10,5.2,0,29.2,29.1,29.1,0,0,4
2020,12,31,65,55.2,40,30,24,18,62,33.1,17,37,14.1,0,29.1,28.9,28.9,0,0,4
2020,8,1,106,84.5,72,51,42.1,21,38,25,5,14,2.9,0,28.7,28.7,28.7,0,0,4
2020,8,2,102,79,68,58,46.4,37,59,34.6,11,16,3.8,0,28.8,28.7,28.7,0,0,4
2020,8,3,100,79,68,59,54.3,45,70,47.1,15,13,4.3,0,28.8,28.7,28.7,0,0,4
2020,8,4,93,76.8,66,60,56.1,50,78,51.9,23,12,4.6,0,28.8,28.7,28.7,0,0,4
2020,8,5,91,71.3,64,60,56.9,48,82,64.1,23,12,5.3,0,28.7,28.7,28.6,0,0,4
2020,8,6,90,71,64,58,54.6,45,80,60,22,15,4.5,0,28.7,28.7,28.6,0,0,4
2020,8,7,91,72.8,63,55,51.1,37,72,50.1,15,14,3.9,0,28.7,28.7,28.7,0,0,4
2020,8,8,95,75,64,55,51.6,43,64,46.8,17,12,2.9,0,28.8,28.7,28.7,0,0,4
2020,8,9,97,76.8,64,55,52.5,43,64,46,16,14,4,0,28.8,28.7,28.6,0,0,4
2020,8,10,99,76.5,66,56,51.2,39,64,46,14,15,4.3,0,28.7,28.7,28.6,0,0,4
2020,8,11,100,77.3,64,53,46.6,32,57,38.3,9,12,3.4,0,28.7,28.7,28.6,0,0,4
2020,8,12,104,77.8,63,49,42.3,28,49,32.2,7,15,2.4,0,28.7,28.7,28.6,0,0,4
2020,8,13,104,84.1,75,46,41.8,36,34,23.8,11,13,2.8,0,28.7,28.7,28.6,0,0,4
2020,8,14,108,86.8,73,52,46.8,41,40,26.4,12,13,2.7,0,28.7,28.7,28.6,0,0,4
2020,8,15,113,89.3,76,56,53.3,48,46,31.3,12,13,3.4,0,28.7,28.6,28.6,0,0,4
2020,8,16,104,86.6,78,60,56.6,54,54,37.5,19,17,4,0,28.7,28.7,28.6,0,0,4
2020,8,17,106,87.2,78,61,57.3,54,48,37.8,19,12,3.6,0,28.7,28.7,28.6,0,0,4
2020,8,18,109,87.4,78,61,58.5,50,54,40.2,14,16,3.1,0,28.7,28.7,28.6,0,0,4
2020,8,19,109,87.1,78,63,58.7,50,57,40.7,14,17,3.2,0,28.7,28.6,28.5,0,0,4
2020,8,20,108,85.3,77,63,58.6,54,55,42.5,17,14,3.2,0,28.6,28.6,28.5,0,0,4
2020,8,21,108,85.2,75,63,59.7,54,61,44.8,17,20,3.8,0,28.6,28.6,28.6,0,0,4
2020,8,22,100,85.2,80,63,59.5,54,56,43.5,21,15,4.8,0,28.7,28.6,28.6,0,0,4
2020,8,23,100,81.6,74,65,63.4,59,71,56,25,13,4.6,0,28.7,28.7,28.6,0,0,4
2020,8,24,100,81.5,73,66,61.2,55,69,52.4,22,12,4.3,0,28.7,28.6,28.6,0,0,4
2020,8,25,100,81.7,72,60,57.1,48,64,46,17,12,3.9,0,28.7,28.6,28.5,0,0,4
2020,8,26,104,82,70,59,55.3,41,62,43.8,12,15,3.2,0,28.6,28.6,28.5,0,0,4
2020,8,27,104,82,68,58,54,39,63,42.1,11,13,2.8,0,28.6,28.5,28.5,0,0,4
2020,8,28,102,80,70,57,50.5,37,53,38.7,11,14,3,0,28.6,28.6,28.5,0,0,4
2020,8,29,99,76.3,64,56,49.2,36,62,42.5,12,14,3.5,0,28.7,28.6,28.6,0,0,4
2020,8,30,97,72.6,60,56,52.3,39,71,53.7,15,13,4.1,0,28.7,28.6,28.5,0,0,4
2020,8,31,93,72.2,63,57,54.7,50,76,57.5,23,14,4.6,0,28.7,28.6,28.6,0,0,4
2020,9,2,95,73.4,63,57,54,41,74,55.4,15,12,3.7,0,28.8,28.8,28.7,0,0,4
2020,9,3,100,77.7,64,59,55.7,48,73,50.6,17,12,3,0,28.8,28.7,28.6,0,1,4
2020,9,4,106,81.9,66,60,55.8,48,68,45,14,12,2.5,0,28.7,28.7,28.6,0,1,4
2020,9,5,118,91.4,73,62,48.6,37,57,30,7,12,2.8,0,28.7,28.7,28.6,0,1,4
2020,9,6,115,92.5,81,50,42.9,37,30,19.2,8,21,2.3,0,28.7,28.7,28.6,0,1,4
2020,9,7,95,81.2,73,64,51.3,42,67,37.9,18,9,2.6,0,28.6,28.6,28.5,0,1,4
2020,9,8,84,73.1,69,64,63.1,59,83,71.3,42,8,3.3,0,28.6,28.5,28.4,0,1,4
2020,9,9,95,74.6,62,62,40.6,12,78,40.2,5,21,5.7,0,28.7,28.6,28.5,0,1,4
2020,9,10,91,72.4,60,40,32,25,37,24.5,9,9,2.3,0,28.8,28.8,28.7,0,1,4
2020,9,11,95,72.7,59,46,33.3,25,33,25.7,8,13,1.8,0,28.8,28.8,28.7,0,1,4
2020,9,12,95,73.7,62,46,36,28,41,27.9,9,12,2.2,0,28.7,28.7,28.6,0,1,4
2020,9,13,99,73.8,61,56,41.1,34,54,33.8,10,10,2.4,0,28.7,28.7,28.6,0,1,4
2020,9,14,100,75.4,59,53,44.6,32,60,38.2,9,15,2.1,0,28.8,28.7,28.7,0,1,4
2020,9,15,99,77.4,64,50,42.9,36,49,31.9,11,10,2.2,0,28.8,28.8,28.7,0,1,4
2020,9,16,100,77.3,64,46,38,29,45,27.9,9,10,2.1,0,28.8,28.8,28.7,0,1,4
2020,9,17,102,77.7,63,41,32.2,19,35,21.6,6,9,2.6,0,28.8,28.5,22.1,0,1,4
2020,9,18,104,80.6,68,45,35.6,28,29,21.2,8,13,3.1,0,28.7,28.7,28.6,0,1,4
2020,9,19,100,79.1,68,45,40.3,32,43,26.9,13,13,1.8,0,28.7,28.6,28.6,0,1,4
2020,9,20,99,76.7,66,57,43.9,36,61,34,13,13,3,0,28.7,28.6,28.6,0,1,4
2020,9,21,97,74.6,64,58,49.4,37,65,44.9,16,14,2.7,0,28.8,28.7,28.6,0,1,4
2020,9,22,95,75,63,56,47.5,37,63,41.4,14,13,2.6,0,28.8,28.8,28.7,0,1,4
2020,9,23,95,75,63,50,46.4,41,55,38.5,15,13,1.9,0,28.8,28.8,28.7,0,1,4
2020,9,24,99,75,62,50,45,37,55,37.6,13,12,2,0,28.8,28.7,28.6,0,1,4
2020,9,25,93,73.2,61,55,45.7,37,55,40.2,15,10,2.4,0,28.8,28.7,28.7,0,1,4
2020,9,26,93,72.3,62,56,50.9,41,65,50.3,16,10,1.9,0,28.7,28.7,28.6,0,1,4
2020,9,27,93,71.8,57,60,54.3,48,73,56.2,23,13,3,0,28.7,28.7,28.6,0,1,4
2020,9,28,104,76,63,60,53.3,32,78,54.3,8,10,1.9,0,28.8,28.7,28.6,0,1,4
2020,9,29,104,80.6,65,54,41.5,27,66,31.8,7,12,2.5,0,28.8,28.8,28.7,0,1,4
2020,9,30,108,82,66,38,32.1,25,26,18.1,6,12,2.8,0,28.8,28.7,28.7,0,1,4
2020,10,1,108,82.7,67,41,32.6,28,24,17.6,6,16,2.9,0,28.8,28.7,28.6,0,1,4
2020,10,2,108,79.4,65,41,34.5,28,29,21.5,6,14,3.3,0,28.7,28.7,28.6,0,1,4
2020,10,3,102,77.8,64,43,34.3,27,31,21.9,9,13,2.4,0,28.7,28.7,28.6,0,1,4
2020,10,4,100,76.9,63,40,35.7,30,36,24.7,9,12,2.7,0,28.8,28.7,28.7,0,1,4
2020,10,5,99,77.4,66,40,35.2,27,31,23.6,8,8,1.5,0,28.8,28.8,28.7,0,1,4
2020,10,6,97,74.7,61,43,33.9,28,36,24.5,9,9,1.9,0,28.8,28.8,28.7,0,1,4
2020,10,7,95,73,61,58,42.7,32,73,37.8,11,12,3.3,0,28.7,28.7,28.6,0,1,4
2020,10,8,81,67.8,64,59,56,46,83,68.3,30,10,3.6,0,28.8,28.7,28.7,0,1,4
2020,10,9,79,67.1,64,57,54.6,48,76,65.7,34,12,2.8,0,28.8,28.7,28.7,0,1,4
2020,10,10,79,67.3,64,57,56.1,52,77,68.2,39,9,2.6,0,28.8,28.7,28.7,0,1,4
2020,10,11,84,67.3,57,57,53.2,48,75,62.7,30,8,1.9,0,28.8,28,0,0,1,4
2020,10,12,100,73.5,58,52,42.5,32,69,40.7,9,15,3.3,0,28.8,28.8,28.7,0,1,4
2020,10,13,100,75.8,62,46,36.1,32,37,25.7,9,9,2.7,0,28.8,28.8,28.7,0,1,4
2020,10,14,102,76.5,63,42,35.4,28,34,24.9,7,8,2.1,0,28.8,28.8,28.7,0,1,4
2020,10,15,102,76.6,63,41,34.6,28,35,24,9,14,2.7,0,28.8,28.7,28.7,0,1,4
2020,10,16,102,77.4,66,36,30,23,28,19.5,6,10,2.9,0,28.8,28.7,28.6,0,1,4
2020,10,17,97,74.8,64,46,31.1,24,36,21.4,10,10,2.5,0,28.8,28.7,28.7,0,1,4
2020,10,18,91,71.7,61,55,43.5,37,59,38.6,15,9,1.7,0,28.8,28.8,28.7,0,1,4
2020,10,19,90,69.9,57,57,50.3,45,67,52.1,24,9,1.9,0,28.8,28.7,28.7,0,1,4
2020,10,20,90,68.1,57,58,53.1,47,88,61.3,25,9,2,0,28.7,28.7,28.6,0,1,4
2020,10,21,73,66.7,64,57,56.6,55,77,71,53,8,6.8,5,28.6,28.6,28.6,0,1,4
2020,10,22,77,66.8,63,57,55,50,77,66.7,41,10,3.4,0,28.7,28.7,28.6,0,1,4
2020,10,23,75,65.7,63,55,53.4,48,75,65.2,38,9,2.8,0,28.8,28.7,28.7,0,1,4
2020,10,24,73,65.4,64,56,53.8,50,75,66.3,44,8,3.5,0,28.8,28.8,28.7,0,1,4
2020,10,25,68,63,59,54,51.4,46,74,66.3,52,12,5,0,28.7,28.7,28.6,0,1,4
2020,10,26,66,61,55,48,9.6,-9,71,21.1,5,32,14.2,0,28.9,28.8,28.7,0,1,4
2020,10,27,79,67.5,55,16,4.9,-6,18,9,6,29,10.4,0,28.9,28.8,28.8,0,1,4
2020,10,28,82,63.2,48,36,23.2,14,37,23.7,10,9,2.9,0,28.9,28.8,28.8,0,1,4
2020,10,29,90,63,47,32,25,18,43,27.7,7,9,2,0,28.8,28.8,28.7,0,1,4
2020,10,30,90,65.3,52,36,26.5,22,35,25.1,9,14,2.4,0,28.8,28.8,28.7,0,1,4
2020,10,31,93,67.4,52,37,28.4,21,38,26.1,7,10,1.9,0,28.9,28.8,28.8,0,1,4
2020,11,1,93,70.4,58,34,27.7,21,29,21.5,8,12,3.1,0,28.9,28.9,28.8,0,1,4
2020,11,2,91,67.9,56,46,35.1,28,54,32.2,13,13,2.9,0,28.9,28.8,28.8,0,1,4
2020,11,3,84,64.5,57,50,44.1,41,61,49.2,22,8,2.3,0,28.8,28.8,28.7,0,1,4
2020,11,4,97,67.5,51,43,34.8,26,60,36.5,9,12,2.3,0,28.9,28.8,28.8,0,1,4
2020,11,5,93,69.5,57,31,26.4,20,29,20.9,10,8,3.8,0,28.9,28.8,28.6,0,1,4
2020,11,6,84,67.4,56,54,37.5,28,80,37.9,15,17,5.5,0,28.6,28.5,28.4,0,1,4
2020,11,7,57,52.7,45,49,43.4,37,82,70.8,51,18,5.9,0,28.6,28.5,28.5,0,1,4
2020,11,8,57,50.6,47,43,40.9,34,76,69.6,41,22,4.5,0,28.7,28.6,28.5,0,1,4
2020,11,9,63,48.5,39,40,33.7,25,78,60,24,6,1.8,0,28.9,28.8,28.7,0,1,4
2020,11,10,68,49.8,40,35,30.1,19,73,52.1,16,8,0.7,0,28.9,28.9,28.8,0,1,4
2020,11,11,70,51.5,41,34,30.1,21,70,48.4,16,8,1.8,0,28.8,28.8,28.7,0,1,4
2020,11,12,73,52.7,42,39,33.7,27,69,52.2,18,5,0.4,0,28.8,28.8,28.8,0,1,4
2020,11,13,72,52.2,44,45,36.4,30,71,57.8,23,12,1.2,0,28.9,28.9,28.8,0,1,4
2020,11,14,72,53.9,44,45,39.3,35,82,60.4,29,6,1.2,0,28.9,28.9,28.8,0,1,4
2020,11,15,86,60.4,46,34,29.8,18,60,36.9,8,7,1.8,0,28.9,28.9,28.8,0,1,4
2020,11,16,91,62.4,50,34,29.8,21,50,33.8,8,9,2.1,0,28.9,28.8,28.7,0,0,4
2020,11,17,84,61.4,51,35,30.7,21,48,34.6,10,10,1.9,0,28.9,28.8,28.8,0,0,4
2020,11,18,75,57.7,50,42,36,28,67,46.2,18,9,1.8,0,28.9,28.8,28.8,0,0,4
2020,11,19,75,55.8,46,45,41.6,39,79,61.7,27,5,0.3,0,28.9,28.9,28.8,0,0,4
2020,11,20,82,58.6,48,39,32.9,25,62,42.2,12,10,1.6,0,28.9,28.9,28.8,0,0,4
2020,11,21,84,61.2,48,37,30.1,25,54,34.2,11,12,2.8,0,28.9,28.8,28.8,0,0,4
2020,11,22,81,59.2,49,43,33.5,27,60,41.3,15,13,2.5,0,28.8,28.7,28.6,0,0,4
2020,11,23,68,53.7,46,46,39.6,33,77,59.9,35,9,1.8,0,28.8,28.7,28.6,0,0,4
2020,11,24,75,56.5,47,45,37.3,19,74,54,12,8,1.6,0,28.9,28.8,28.8,0,0,4
2020,11,25,72,52.9,44,48,33,28,72,49.1,21,8,1.1,0,28.9,28.8,28.8,0,0,4
2020,11,26,66,53.7,41,41,23.8,4,79,42.5,11,30,9.4,0,28.9,28.8,28.8,0,0,4
2020,11,27,72,56.1,43,13,6.7,0,30,15,9,28,10.4,0,29,28.9,28.9,0,0,4
2020,11,28,73,49.9,39,19,13.8,9,35,25.9,9,7,2.3,0,29,28.9,28.9,0,0,4
2020,11,29,79,52.4,38,19,15.6,9,41,26.1,8,8,2.5,0,28.9,28.9,28.8,0,0,4
2020,11,30,82,54.9,44,20,16.6,12,35,24.6,7,13,1.9,0,28.9,28.9,28.8,0,0,4
2017,8,1,100,81.1,69,66,61.4,57,73,53.5,24,16,7.6,0,29.1,29,29,0,0,1
2017,8,2,97,84.1,78,66,63.2,61,60,49.8,35,10,5.3,0,29.1,29.1,29,0,0,1
2017,8,3,94,83.3,75,65,63.1,61,62,51.5,37,13,7,0,29.2,29.1,29.1,0,0,1
2017,8,4,89,79.5,70,64,60.9,54,76,54.3,37,13,6,0,29.1,29.1,29.1,0,0,1
2017,8,5,86,73.7,68,63,62.5,61,84,69.5,44,12,6,0,29.1,29.1,29,0,0,1
2017,8,6,83,73,68,63,61.6,58,84,69.2,47,13,5.8,0,29.1,29.1,29,0,0,1
2017,8,7,86,75.3,67,63,61.2,60,81,63,43,12,6.4,3,29.1,29.1,29,0,0,1
2017,8,8,91,77.3,67,61,59,54,79,56.3,29,12,6.2,0,29.1,29.1,29,0,0,1
2017,8,9,89,76,66,61,58.8,51,81,57.8,27,14,5.8,0,29.1,29.1,29,0,0,1
2017,8,10,90,76.8,67,62,59.6,54,81,57.9,29,13,6.7,0,29.1,29.1,29,0,0,1
2017,8,11,92,76.7,67,62,60,56,81,59.3,33,13,6.2,0,29.1,29,29,0,0,1
2017,8,12,88,74.4,65,61,60.5,59,84,64.4,39,13,7,0,29.1,29.1,29,0,0,1
2017,8,13,87,72.2,65,61,59.4,55,84,67.1,35,13,6.4,0,29.1,29.1,29,0,0,1
2017,8,14,79,69.1,64,60,59,58,87,71.4,50,14,7.2,3,29.1,29.1,29,0,0,1
2017,8,15,75,68.6,65,59,57.5,54,81,68.2,51,14,7.7,5,29.1,29.1,29,0,0,1
2017,8,16,79,69.7,65,58,56.6,54,75,63.7,46,13,6.5,3,29.2,29.1,29.1,0,0,1
2017,8,17,82,71.7,63,60,56.6,50,78,60.8,33,13,6,0,29.2,29.1,29.1,0,0,1
2017,8,18,83,71.5,63,60,58.3,57,84,65,42,12,5.8,0,29.2,29.1,29.1,0,0,1
2017,8,19,82,68.9,63,59,58.4,56,87,71.6,41,13,5.9,0,29.2,29.1,29,0,0,1
2017,8,20,81,69.4,64,59,58.1,57,80,68.4,45,13,6.2,0,29.1,29.1,29,0,0,1
2017,8,21,82,71,65,59,58,56,78,64.8,43,10,5,0,29.2,29.1,29.1,0,0,1
2017,8,22,86,72.7,62,61,58.7,54,81,63.3,39,13,5.7,0,29.2,29.1,29.1,0,0,1
2017,8,23,80,68.2,63,61,59.7,59,90,75.7,50,13,6.2,0,29.2,29.1,29.1,0,0,1
2017,8,24,82,69.3,64,60,59.3,59,84,71.8,45,13,5.8,0,29.1,29,28.9,0,0,1
2017,8,25,81,70.8,65,62,60.7,60,84,71.8,50,12,5.4,0,29.1,29,29,0,0,1
2017,8,26,95,76.7,65,64,61.3,58,87,63.5,30,10,4.6,0,29.1,29.1,29,0,0,1
2017,8,27,92,78,67,63,61.7,57,87,60.8,32,10,4.7,0,29.1,29.1,29,0,0,1
2017,8,28,101,84.2,69,62,60.5,57,78,48.8,24,10,4.1,0,29,29,28.9,0,0,1
2017,8,29,103,87,76,63,60.3,55,62,43,21,12,5.3,0,29,29,28.9,0,0,1
2017,8,30,100,87.6,75,65,59,53,60,40.2,21,13,6,0,29,28.9,28.9,0,1,1
2017,8,31,108,93.5,77,64,55.1,47,56,31,13,14,5.8,0,29,28.9,28.9,0,1,1
2017,9,1,106,94.2,77,65,55.5,48,66,31.8,14,14,5.3,0,29,29,28.9,0,1,1
2017,9,2,100,90.7,81,66,58.6,53,49,35,24,13,5.8,0,29.1,29,28.9,0,1,1
2017,9,3,98,86.1,74,69,64,61,82,50.1,29,15,6.9,0,29.1,29.1,29.1,0,1,1
2017,9,4,83,75.1,71,67,65.9,64,87,73.4,58,14,6.3,0,29.1,29.1,29.1,0.03,1,1
2017,9,5,88,77.7,70,66,63.3,57,81,62.4,45,10,4.9,0,29.2,29.1,29.1,0,1,1
2017,9,6,90,78.3,70,64,60.3,57,73,55.2,37,12,5,0,29.1,29.1,29.1,0,1,1
2017,9,7,89,76,66,60,58.2,54,73,55.9,32,10,5.3,0,29.1,29.1,29,0,1,1
2017,9,8,84,72.8,66,61,59.6,58,79,64.9,44,12,6.2,0,29.1,29.1,29,0,1,1
2017,9,9,85,73,64,60,55.4,39,87,59.5,20,12,5.6,0,29.2,29.1,29.1,0,1,1
2017,9,10,95,79.8,68,61,56.7,51,76,49.4,23,13,5,0,29.1,29.1,29,0,1,1
2017,9,11,95,79.8,73,62,58.7,56,68,49.6,30,12,5.1,0,29.1,29.1,29,0,1,1
2017,9,12,85,75.5,67,63,61.5,59,81,63.2,43,13,6.3,0,29.1,29.1,29,0,1,1
2017,9,13,78,68.4,64,61,57.8,52,87,70.3,46,14,7.9,5,29.1,29.1,29,0,1,1
2017,9,14,74,67.3,62,56,54.8,53,80,65.1,51,10,4.5,0,29.1,29.1,29.1,0,1,1
2017,9,15,75,68.1,65,58,56,55,75,65.6,51,13,5.2,0,29.1,29.1,29,0,1,1
2017,9,16,77,68,61,58,56.4,54,78,67,48,10,3.4,0,29.1,29.1,29,0,1,1
2017,9,17,75,67.4,64,58,56.9,55,80,69.3,53,8,4.2,0,29.2,29.1,29.1,0,1,1
2017,9,18,77,66.7,61,59,57.5,54,84,73.2,52,10,5.2,0,29.1,29.1,29.1,0,1,1
2017,9,19,74,67.8,64,58,56.9,56,80,68.5,55,10,5.5,0,29.1,29.1,29,0,1,1
2017,9,20,76,67.9,60,59,56.1,53,83,66.8,46,10,4.9,0,29.1,29.1,29,0,1,1
2017,9,21,71,65.7,61,60,55.3,47,90,70.6,44,14,8.1,3,29,29,29,0,1,1
2017,9,22,72,63.5,55,51,46.5,41,77,55.9,35,12,4,0,29.1,29,29,0.02,1,1
2017,9,23,74,64.2,54,51,47.6,45,72,56.1,37,10,4.4,0,29,29,29,0,1,1
2017,9,24,84,69.3,54,50,37.7,26,70,37.3,13,15,3.3,0,29.1,29,29,0,1,1
2017,9,25,86,73,58,34,27.9,21,41,20.9,9,14,3.9,0,29.1,29,29,0,1,1
2017,9,26,86,72.9,61,54,37,29,53,29.4,14,10,4.6,0,29,29,28.9,0,1,1
2017,9,27,89,74.2,60,52,42.9,32,60,35.7,14,12,4.4,0,29.1,29,29,0,1,1
2017,9,28,94,77.5,61,58,37,25,73,27.7,9,12,5.3,0,29.1,29.1,29,0,1,1
2017,9,29,92,78.6,62,58,41.9,32,61,31.3,12,13,5.2,0,29.1,29.1,29,0,1,1
2017,9,30,82,70.4,62,60,54.4,43,84,58.4,38,12,6.3,0,29.1,29,29,0,1,1
2017,10,1,76,67.2,62,59,56.6,54,81,69.7,50,12,5,0,29,29,28.9,0,1,1
2017,10,2,76,66.5,60,58,53.8,50,84,65.5,43,12,4.2,0,29,28.9,28.9,0,1,1
2017,10,3,73,65,60,57,54.4,52,80,68.9,49,17,6,0,29.1,29,29,0,1,1
2017,10,4,81,67.4,55,53,44.4,38,78,47,25,9,3,0,29.2,29.1,29.1,0,1,1
2017,10,5,85,69.8,55,45,38.3,31,57,34.5,15,10,3.2,0,29.1,29.1,29,0,1,1
2017,10,6,94,76.1,57,44,29.6,18,48,23,7,7,3,0,29.1,29.1,29,0,1,1
2017,10,7,94,77.4,62,41,27.5,19,35,18.1,7,14,2.4,0,29,29,28.9,0,1,1
2017,10,8,79,67.6,59,58,50.7,34,78,56.8,34,14,5.6,0,29,28.9,28.9,0,1,1
2017,10,9,85,70.8,62,57,43.3,9,78,47.1,8,13,4.8,0,29.1,29,29,0,1,1
2017,10,10,86,71.7,57,45,22.6,9,45,18.6,6,10,2.9,0,29.1,29.1,29,0,1,1
2017,10,11,77,66,56,56,47.5,34,83,52.9,34,9,4.8,0,29.1,29.1,29,0,1,1
2017,10,12,75,64.6,59,57,53.3,41,87,69.5,30,10,4.7,0,29.1,29.1,29.1,0,1,1
2017,10,13,78,66,55,59,52.7,43,84,64.1,33,8,3.8,0,29.2,29.1,29.1,0,1,1
2017,10,14,91,71.2,55,57,41.4,13,87,45.3,6,8,2.8,0,29.2,29.1,29.1,0,1,1
2017,10,15,94,75.8,59,48,24.9,9,56,20.1,5,9,2.8,0,29.3,29.2,29.2,0,1,1
2017,10,16,97,79.8,65,29,24.4,15,26,14.5,6,16,4.7,0,29.3,29.2,29.1,0,1,1
2017,10,17,94,79,64,46,32.7,20,36,20.4,8,10,3.8,0,29.2,29.1,29.1,0,1,1
2017,10,18,86,74.6,67,55,48.8,42,63,42.3,23,13,5.1,0,29.1,29.1,29.1,0,1,1
2017,10,19,79,67.3,60,58,54.7,48,78,64.8,42,12,4.2,0,29.1,29.1,29,0,1,1
2017,10,20,72,65.8,63,58,51.2,27,84,63.1,25,18,6,0,29.1,29.1,29,0,1,1
2017,10,21,80,66.9,54,49,39,30,58,37.3,19,10,3.6,0,29.3,29.2,29.1,0,1,1
2017,10,22,93,74.1,56,37,30.5,23,40,23,8,8,1.5,0,29.3,29.3,29.2,0,1,1
2017,10,23,101,83.1,64,37,30.3,20,35,18.1,5,9,3,0,29.3,29.2,29.2,0,1,1
2017,10,24,103,92.8,78,37,30.7,24,22,11.4,6,20,6.9,0,29.2,29.2,29.1,0,1,1
2017,10,25,98,81.9,67,37,32,26,29,18,8,10,3.4,0,29.1,29.1,29,0,1,1
2017,10,26,92,76.9,64,40,35.8,32,38,24.2,12,12,3.2,0,29.1,29.1,29,0,1,1
2017,10,27,88,73.5,60,57,43.7,35,70,36.6,19,8,3.3,0,29.1,29.1,29,0,1,1
2017,10,28,85,69.5,58,61,54.8,46,96,62.4,30,12,3.9,0,29.1,29,29,0,1,1
2017,10,29,74,61.7,57,61,57.4,0,100,88.8,0,13,3.5,0,29.1,29.1,29,0,1,1
2017,10,30,67,62.9,60,60,57.7,55,100,83.8,66,8,5.1,0,29.1,29,29,0,1,1
2017,10,31,67,62.9,60,60,58.3,56,100,85.1,68,12,6.4,3,29.1,29.1,29,0,1,1
2017,11,1,70,64.4,62,58,55.5,51,86,73.4,51,10,4.2,0,29.2,29.1,29.1,0.08,1,1
2017,11,2,66,61.7,60,57,53.5,46,90,75.1,48,12,5.2,0,29.3,29.2,29.1,0,1,1
2017,11,3,67,62.5,58,54,51,47,81,66.9,51,9,3.1,0,29.3,29.2,29.2,0,1,1
2017,11,4,71,62.5,54,58,51.4,46,80,68,44,10,4.5,0,29.2,29.2,29.1,0,1,1
2017,11,5,69,61.8,57,59,55.1,51,96,79.8,57,9,4.2,0,29.3,29.2,29.2,0,1,1
2017,11,6,71,63.2,57,53,50.4,45,81,64.2,49,13,4.4,0,29.3,29.2,29.2,0,1,1
2017,11,7,76,64.8,57,52,50.6,48,81,61.7,41,9,2.7,0,29.3,29.2,29.2,0,1,1
2017,11,8,75,64.3,54,60,54,50,90,70.7,46,10,3.5,0,29.3,29.2,29.2,0,1,1
2017,11,9,70,60.9,56,57,55.5,52,100,83.9,53,9,2.6,0,29.3,29.2,29.2,0,1,1
2017,11,10,69,59.3,53,55,53,50,96,80.9,54,10,2.1,0,29.2,29.2,29.1,0,1,1
2017,11,11,72,60.2,50,56,50.5,46,90,72.2,44,8,2.4,0,29.2,29.2,29.1,0,1,1
2017,11,12,69,60.5,52,56,50.8,47,86,71.5,51,6,1.9,0,29.3,29.2,29.2,0,1,1
2017,11,13,76,61,49,51,44.6,35,80,57.1,23,8,3,0,29.3,29.3,29.2,0,1,1
2017,11,14,79,64.7,52,49,44.6,40,77,50.8,25,9,2.7,0,29.3,29.2,29.1,0,1,1
2017,11,15,80,66.2,55,48,43.8,40,69,46.5,25,8,3.3,0,29.2,29.1,29.1,0,1,1
2017,11,16,79,67.8,58,52,48.1,45,65,50.6,31,7,3.2,0,29.2,29.1,29.1,0,1,1
2017,11,17,73,65.6,59,59,56.6,53,96,73.5,53,10,4,0,29.3,29.2,29.2,0,1,1
2017,11,18,77,64.6,52,56,36.5,21,93,43.9,16,8,3,0,29.3,29.3,29.2,0,1,1
2017,11,19,77,62.5,49,32,26.1,13,48,27.3,9,7,3.2,0,29.3,29.2,29.1,0,1,1
2017,11,20,76,62.8,49,44,33.8,24,50,35.8,16,10,2.3,0,29.2,29.2,29.1,0,1,1
2017,11,21,90,73.8,58,41,32.1,24,46,25,9,10,3.2,0,29.3,29.2,29.2,0,1,1
2017,11,22,94,76.4,61,43,39,32,46,27.8,14,7,2.4,0,29.3,29.2,29.2,0,1,1
2017,11,23,93,74.7,62,45,41.3,37,48,32.4,14,8,2.3,0,29.2,29.2,29.1,0,1,1
2017,11,24,87,71.6,58,50,42.8,36,52,36.9,20,9,2.4,0,29.1,29.1,29,0,1,1
2017,11,25,86,69.6,57,58,48.3,43,86,50.5,23,8,3.5,0,29.2,29.2,29.1,0,1,1
2017,11,26,77,62.1,53,58,53.5,47,96,76,42,10,3.2,0,29.3,29.2,29.1,0,1,1
2017,11,27,69,59.1,51,57,49.2,30,100,74.8,26,15,5.3,0,29.2,29.1,29.1,0,1,1
2017,11,30,81,62,45,50,42.8,36,72,53.1,25,8,2.5,0,29.3,29.2,29.1,0,1,1
2017,12,3,69,57.8,50,51,46.5,41,83,67.3,47,9,3.1,0,29.2,29.2,29.1,0,1,1
2017,12,4,70,58.3,45,47,19.5,1,90,34.8,9,30,14.4,0,29.2,29.1,29.1,0,1,1
2017,12,5,67,61.7,57,5,2.4,-4,12,9.6,6,36,24.6,5,29.3,29.3,29.2,0,1,1
2017,12,6,78,67.6,58,15,7.8,0,13,9.7,7,31,12.3,3,29.4,29.3,29.3,0,1,1
2017,12,7,78,70,56,19,6.2,-1,24,9.4,5,32,12.2,0,29.5,29.4,29.4,0,1,1
2017,12,8,78,62.2,50,24,18.7,14,31,20,10,9,3.1,0,29.5,29.4,29.4,0,1,1
2017,12,9,81,64.8,48,25,18.2,6,37,19.6,7,16,3.5,0,29.4,29.4,29.3,0,1,1
2017,12,10,83,64.7,49,28,19.9,13,31,19.8,8,6,1.3,0,29.4,29.3,29.3,0,1,1
2017,12,11,80,63.8,51,20,14.3,4,27,16.7,5,6,1.6,0,29.4,29.4,29.3,0,1,1
2017,12,12,83,61.1,44,22,13.7,3,33,18.7,5,6,1.7,0,29.4,29.3,29.2,0,1,1
2017,12,13,82,62.2,48,27,16.9,6,32,19.9,6,8,2.3,0,29.2,29.1,29.1,0,1,1
2017,12,14,78,63.8,45,27,18.5,2,39,20.8,6,13,4.6,0,29.3,29.2,29.1,0,1,1
2017,12,15,80,63.5,49,26,17,9,30,18.8,7,7,1.8,0,29.3,29.2,29.1,0,1,1
2017,12,16,67,58.4,52,52,38.3,25,83,50.5,26,12,3.8,0,29.1,28.9,28.9,0,1,1
2017,12,17,71,61.9,53,26,21,14,35,21.3,16,40,9.9,0,29.2,29.1,29,0,1,1
2017,12,18,95,62.5,47,28,23.4,18,43,26,6,8,2.5,0,29.4,29.3,29.2,0,1,1
2017,12,19,68,55.3,44,49,33.6,26,83,47,23,8,2.4,0,29.4,29.3,29.3,0,1,1
2017,12,20,58,51.6,42,52,39.5,17,96,66.2,24,35,8.1,0,29.3,29.2,29.2,0,1,1
2017,12,21,62,52.6,43,26,15.9,-6,48,26.6,6,18,7.9,0,29.4,29.3,29.2,0,1,1
2017,12,22,64,50.2,36,26,17,10,46,28.8,13,7,3,0,29.5,29.4,29.4,0,1,1
2017,12,23,66,52.8,42,28,22.5,13,49,32.6,13,6,1.6,0,29.4,29.3,29.3,0,1,1
2017,12,24,75,57.2,45,42,25.8,3,57,34.5,6,9,2.1,0,29.3,29.3,29.2,0,1,1
2017,12,25,71,54.6,43,41,30.9,22,58,43,17,7,1.4,0,29.3,29.3,29.2,0,1,1
2017,12,26,68,55,44,45,34.1,29,61,47.1,26,7,2.3,0,29.3,29.3,29.2,0,1,1
2017,12,27,80,60.5,46,40,33.9,26,63,41.3,14,7,1.7,0,29.3,29.3,29.2,0,1,1
2017,12,28,84,63.7,46,35,29.2,23,59,32.8,11,8,2.5,0,29.3,29.3,29.2,0,1,1
2017,12,29,85,64.3,50,37,29.2,18,49,30.5,9,6,1,0,29.3,29.3,29.2,0,1,1
2017,12,30,76,58.5,45,53,38,24,87,52.5,18,6,2,0,29.3,29.2,29.2,0,1,1
2017,12,31,69,57,48,53,42.9,36,93,62.8,30,8,2.9,0,29.3,29.3,29.2,0,1,1
2018,1,1,74,57.8,45,52,41.3,33,78,58.7,22,8,1.8,0,29.4,29.3,29.2,0,1,1
2018,1,2,81,63.7,53,49,38.4,24,75,44.8,13,6,1.9,0,29.3,29.3,29.2,0,1,1
2018,1,3,74,63.1,54,36,29.3,24,45,29,16,6,1.1,0,29.3,29.2,29.2,0,1,1
2018,1,4,75,62.7,52,53,40.5,30,70,46.3,21,10,2.3,0,29.4,29.3,29.2,0,1,1
2018,1,5,73,63.2,54,59,54.8,48,90,75.3,53,9,3.2,0,29.4,29.3,29.3,0,1,1
2018,1,6,70,62.2,58,58,56.2,53,100,81.8,55,9,3.9,0,29.3,29.3,29.2,0,1,1
2018,1,7,75,59.8,51,58,52.9,44,100,81.7,33,7,2.2,0,29.3,29.2,29.2,0,1,1
2018,1,8,65,61.4,59,59,57.4,52,100,87.2,67,13,7,0,29.2,29.1,29,0,1,1
2018,1,9,60,54.7,48,58,54.2,48,100,98.3,90,26,11.4,0,29.1,28.9,28.8,0.79,1,1
2018,1,10,65,54,45,53,49.4,45,100,86.2,60,13,4.7,0,29.3,29.2,29.1,1.54,0,1
2018,1,11,72,57.5,47,54,50,46,100,78.8,46,6,1.4,0,29.4,29.3,29.3,0,0,1
2018,1,12,79,61.4,49,55,47.9,38,90,66,24,9,2.5,0,29.4,29.3,29.3,0,0,1
2018,1,13,82,64.1,49,45,39.8,32,74,46,16,6,1.5,0,29.3,29.3,29.2,0,0,1
2018,1,14,80,64.8,52,42,36.1,28,63,38.8,15,8,3,0,29.3,29.3,29.3,0,0,1
2018,1,15,73,61.1,49,47,42.1,38,71,51.8,29,7,3.5,0,29.3,29.3,29.2,0,0,1
2018,1,16,72,60.5,51,52,46.3,41,80,61.8,33,5,2.3,0,29.3,29.3,29.3,0,0,1
2018,1,17,80,64,50,51,44,36,86,53,20,6,1.5,0,29.3,29.3,29.3,0,0,1
2018,1,18,76,64.3,52,51,43.9,36,81,49.5,23,10,3.8,0,29.3,29.2,29.2,0,0,1
2018,1,19,61,57,53,56,51.6,31,100,83.4,43,12,6.9,0,29.2,29.1,29.1,0,0,1
2018,1,20,60,53,49,34,28.9,23,56,40.6,25,16,10.7,0,29.3,29.2,29.1,0,0,1
2018,1,21,63,50.8,39,30,26.4,22,62,40.8,21,12,3,0,29.5,29.4,29.3,0,0,1
2018,1,22,69,54.6,42,37,26.8,18,54,37.3,14,9,3.1,0,29.4,29.4,29.3,0,0,1
2018,1,23,73,58,43,33,27.7,23,58,35.1,15,9,2.3,0,29.4,29.3,29.3,0,0,1
2018,1,24,73,59.2,47,33,25.7,14,52,31.5,11,9,3,0,29.3,29.3,29.2,0,0,1
2018,1,25,60,53.4,44,49,37.1,22,74,55.5,28,16,6.6,0,29.3,29.2,29.2,0,0,1
2018,1,26,67,54.9,43,42,30.8,22,71,42.5,18,17,3.8,0,29.4,29.3,29.3,0,0,1
2018,1,27,72,58.4,44,29,24.1,19,51,29.3,15,7,3,0,29.4,29.3,29.3,0,0,1
2018,1,28,86,75.2,55,30,26.1,18,34,17,11,23,13.6,3,29.4,29.3,29.3,0,0,1
2018,1,29,84,73.8,63,31,25.6,18,29,17.4,11,8,2.8,0,29.3,29.3,29.2,0,0,1
2018,1,30,80,67.8,58,37,28.7,23,39,24.9,12,8,2.8,0,29.3,29.2,29.1,0,0,1
2018,1,31,80,64.3,51,39,33.3,26,51,33.9,14,10,2.8,0,29.2,29.1,29.1,0,0,1
2020,7,1,76,66.6,61,57,55.4,54,81,68.1,50,13,6.6,0,29.1,29.1,29,0,0,1
2020,7,2,81,67.9,60,56,55.1,53,83,65.5,39,12,5.7,0,29.1,29.1,29.1,0,0,1
2020,7,3,90,75.3,60,56,48.4,32,78,44.6,13,13,4.3,0,29.2,29.1,29.1,0,0,1
2020,7,4,90,77.1,64,57,52.8,48,73,45.5,26,12,6,0,29.2,29.1,29.1,0,0,1
2020,7,5,93,75.2,64,57,50.4,43,64,44.3,22,12,5.1,0,29.1,29.1,29,0,0,1
2020,7,6,91,79.1,66,54,49.4,45,51,36.5,21,13,5.4,0,29.1,29,29,0,0,1
2020,7,7,87,76.7,66,58,55.5,50,73,49.6,33,13,6.9,0,29.1,29,29,0,0,1
2020,7,8,84,72.7,64,59,56.5,51,80,58,41,12,7.2,0,29.1,29,29,0,0,1
2020,7,9,86,72.2,62,59,55.9,49,84,60.4,31,13,6.3,0,29.1,29.1,29,0,0,1
2020,7,10,94,77.8,64,59,54,35,78,50.3,13,10,4.8,0,29.2,29.1,29.1,0,0,1
2020,7,11,100,83,69,59,49.5,30,68,37.5,9,17,5.3,0,29.2,29.1,29.1,0,0,1
2020,7,12,96,81.3,70,58,53.5,47,63,40.9,21,14,6.3,0,29.1,29.1,29,0,0,1
2020,7,13,88,76.1,68,61,58.8,55,76,56.4,37,12,7.1,0,29.1,29.1,29,0,0,1
2020,7,14,82,70.5,64,59,58.1,57,80,65.9,45,12,6.3,0,29.1,29.1,29.1,0,0,1
2020,7,15,81,68.7,62,58,56.7,55,84,67.5,42,14,6.9,0,29.1,29.1,29.1,0,0,1
2020,7,16,81,68,60,58,56.1,54,86,67.7,40,13,6.3,0,29.1,29.1,29,0,0,1
2020,7,17,83,70.9,61,59,56.8,55,81,62.6,41,12,6.2,0,29.2,29.1,29.1,0,0,1
2020,7,18,86,72.8,63,58,56.4,52,78,58.4,34,10,6,0,29.2,29.1,29.1,0,0,1
2020,7,19,86,72.7,62,57,56,54,81,58.4,35,12,5.9,0,29.1,29.1,29.1,0,0,1
2020,7,20,83,71.8,61,58,55.7,52,83,58.9,40,12,6.8,0,29.1,29.1,29,0,0,1
2020,7,21,86,71.4,63,59,56.4,55,75,60.6,40,13,6.7,0,29.1,29,29,0,0,1
2020,7,22,78,66,59,59,55.7,54,87,70.7,48,13,7.4,0,29.1,29,29,0,0,1
2020,7,23,77,65.8,60,56,54.9,54,83,69.3,46,13,6.7,0,29.1,29.1,29,0,0,1
2020,7,24,80,67.8,60,56,55.4,54,81,66,43,12,5.6,0,29.1,29.1,29,0,0,1
2020,7,25,84,68.5,60,58,56.5,55,86,68,41,13,5.8,0,29.1,29.1,29,0,0,1
2020,7,26,89,73.4,62,58,55.1,49,80,56.7,26,10,5.4,0,29.1,29.1,29,0,0,1
2020,7,27,85,70.9,63,58,55,53,75,59,34,15,6.2,0,29.1,29.1,29,0,0,1
2020,7,28,84,70.8,60,57,54.9,52,81,60,36,10,6.3,0,29.1,29.1,29,0,0,1
2020,7,29,87,71.8,61,58,55.8,54,81,59.8,36,12,5.5,0,29.1,29.1,29,0,0,1
2020,7,30,95,77.3,60,58,55,48,83,50.7,27,12,4.7,0,29.1,29.1,29.1,0,0,1
2020,7,31,98,84,71,56,48.7,29,55,33.4,9,10,4.3,0,29.1,29.1,29,0,0,1
2020,8,1,93,80.8,69,61,54,45,64,41.1,26,13,5.8,0,29.1,29.1,29,0,1,1
2020,8,2,90,77.5,67,61,57.6,49,81,52.4,31,13,6.1,0,29.1,29.1,29.1,0,1,1
2020,8,3,88,73.8,65,62,60,56,87,65.2,36,13,6.4,0,29.1,29.1,29.1,0,1,1
2020,8,4,81,69.9,65,61,60.2,59,87,72.7,47,14,7,0,29.1,29.1,29.1,0,1,1
2020,8,5,78,69,64,60,58.7,57,84,70.6,50,13,6.5,0,29.1,29.1,29.1,0,1,1
2020,8,6,79,69.1,63,58,56.9,55,81,66.4,45,10,6.4,0,29.1,29.1,29,0,1,1
2020,8,7,81,71,61,57,55,47,84,59.3,30,12,6.5,0,29.1,29.1,29.1,0,0,1
2020,8,8,84,72.5,63,56,54.4,50,78,55.5,31,10,5.2,0,29.2,29.1,29.1,0,0,1
2020,8,9,86,72.1,61,57,55.4,53,81,58.5,32,10,6.4,0,29.1,29.1,29.1,0,0,1
2020,8,10,88,71.9,61,57,54.9,49,87,59,29,13,5.9,0,29.1,29.1,29.1,0,0,1
2020,8,11,88,72.5,60,57,52.8,45,84,54.3,22,12,5.7,0,29.1,29.1,29,0,0,1
2020,8,12,95,76.8,62,56,48.8,41,78,42.7,16,13,4.8,0,29.1,29.1,29,0,0,1
2020,8,13,97,81.4,69,57,51,44,61,37.8,16,12,5.8,0,29.1,29.1,29,0,0,1
2020,8,14,100,87,75,61,53.8,48,50,33.3,20,9,4.4,0,29.1,29,29,0,0,1
2020,8,15,104,88.8,78,63,59.2,55,60,39,22,14,6.5,0,29,29,29,0,0,1
2020,8,16,94,82.7,74,66,61.3,57,73,50.7,29,13,7.1,0,29.1,29.1,29,0,0,1
2020,8,17,97,84,74,66,62.6,58,73,51.1,29,12,5.6,0,29.1,29.1,29,0,0,1
2020,8,18,108,86,74,65,61.9,55,68,48.5,17,14,6.5,0,29.1,29.1,29,0,0,1
2020,8,19,99,84.7,76,64,62.3,60,67,48.5,30,14,5.4,0,29.1,29,29,0,0,1
2020,8,20,99,83.3,75,65,60.9,55,69,48.8,24,13,5.4,0,29,28.9,28.9,0,0,1
2020,8,21,94,82.2,73,66,64,62,73,55.2,36,14,4.3,0,29,29,28.9,0,0,1
2020,8,22,94,83.1,76,65,60.6,56,67,49,29,13,6.6,0,29.1,29,29,0,0,1
2020,8,23,91,81.3,74,66,64,61,73,56.5,42,12,5,0,29.1,29,29,0,0,1
2020,8,24,89,78.3,71,67,65.2,60,87,66.2,40,10,6.5,3,29.1,29,29,0,0,1
2020,8,25,94,79.7,69,65,62.4,59,84,58.9,32,12,4.8,0,29,29,28.9,0,0,1
2020,8,26,94,80,70,63,61,58,78,55.1,30,12,5,0,29,28.9,28.9,0,0,1
2020,8,27,97,80.3,71,62,58.7,55,73,50.6,26,12,5,0,28.9,28.9,28.9,0,0,1
2020,8,28,91,75.9,65,59,55.8,51,78,52.3,28,13,6.8,0,29,29,28.9,0,0,1
2020,8,30,83,68.3,60,58,56.5,55,90,68.7,39,10,6.5,0,29.1,29,29,0,0,1
2020,8,31,80,67.3,60,58,56.9,56,90,71.8,45,13,5.7,0,29.1,29,29,0,0,1
2019,8,1,81,70,64,64,62.9,61,94,78.7,54,17,7.6,0,29.5,29.5,29.4,0,1,2
2019,8,2,84,70.9,64,82,64.3,63,100,81,57,14,5.9,0,29.5,29.4,29.4,0,1,2
2019,8,3,79,70.1,64,64,62.6,61,100,78.5,54,12,7,0,29.4,29.4,29.4,0,1,2
2019,8,4,81,68.4,63,64,62.8,61,100,83.2,54,16,5.8,0,29.4,29.4,29.4,0,0,2
2019,8,5,81,68.9,63,64,63,61,100,82.5,54,15,6.4,0,29.4,29.4,29.4,0,0,2
2019,8,6,77,69.7,64,64,63,61,94,79.1,61,12,6,0,29.4,29.4,29.4,0,0,2
2019,8,7,77,68.1,63,63,61.4,59,94,79.1,61,12,5.4,0,29.5,29.4,29.4,0,0,2
2019,8,8,77,68.4,63,63,60.5,59,94,76.4,54,14,6.3,0,29.4,29.4,29.4,0,0,2
2019,8,9,81,69.1,63,63,59,54,94,73.2,39,14,5.5,0,29.4,29.4,29.4,0,0,2
2019,8,10,77,68.4,63,63,60.6,57,94,77.2,53,15,5.7,0,29.4,29.4,29.4,0,0,2
2019,8,11,77,67.1,61,63,61,59,94,81.5,57,13,5.2,0,29.5,29.4,29.4,0,0,2
2019,8,12,75,66.7,61,61,60.1,59,100,81.2,57,15,6.3,0,29.5,29.4,29.4,0,0,2
2019,8,13,79,68.5,61,63,61.4,59,94,79.3,54,15,4.5,0,29.5,29.4,29.4,0,0,2
2019,8,14,81,68.1,63,64,63,61,100,85.1,51,16,5.3,0,29.5,29.4,29.4,0,0,2
2019,8,15,81,67.5,63,64,62.8,59,100,86.6,51,14,5.3,0,29.5,29.4,29.4,0,0,2
2019,8,16,77,66.8,63,63,60.5,59,100,82.1,54,14,4.6,0,29.4,29.4,29.4,0,0,2
2019,8,17,75,67.3,63,59,58.4,57,88,73.8,57,10,5.1,0,29.4,29.4,29.4,0,0,2
2019,8,18,75,67.4,61,59,58.8,57,94,74.7,57,14,5.9,0,29.4,29.4,29.4,0,0,2
2019,8,19,77,68.3,61,63,60.5,57,100,77.3,50,15,6,0,29.5,29.4,29.4,0,0,2
2019,8,20,81,68.8,63,64,62.3,59,100,81.8,48,15,5.4,0,29.4,29.4,29.4,0,0,2
2019,8,21,82,69.8,61,64,62.4,59,100,80,48,14,5.3,0,29.4,29.3,29.3,0,0,2
2019,8,22,81,69.4,64,64,60.2,55,100,74.9,42,12,5.2,0,29.4,29.3,29.3,0,0,2
2019,8,23,79,69.5,63,63,59.1,52,88,71.5,41,12,5.6,0,29.4,29.4,29.3,0,0,2
2019,8,24,81,70.4,63,64,62.6,61,94,77.2,54,62,7.5,0,29.4,29.4,29.4,0,0,2
2019,8,25,90,78,66,64,59.1,50,94,58.4,27,13,3.7,0,29.5,29.4,29.4,0,0,2
2019,8,26,88,76,68,66,60,50,88,62.4,29,17,6,0,29.4,29.4,29.3,0,0,2
2019,8,27,82,71.7,66,66,63.3,61,94,76.8,48,15,6.5,0,29.4,29.4,29.3,0,0,2
2019,8,28,82,70.1,64,64,62,59,94,76.4,45,12,5.5,0,29.5,29.4,29.4,0,0,2
2019,8,29,81,71.5,64,66,64.3,61,94,79.1,54,14,5.2,0,29.5,29.4,29.4,0,0,2
2019,8,30,82,73.3,66,68,64.7,63,94,76.9,51,16,5,0,29.5,29.4,29.4,0,0,2
2019,8,31,82,71.4,66,66,66,66,100,85,58,17,5.3,0,29.4,29.4,29.3,0,0,2
2018,7,1,73,65.6,59,57,55.7,55,88,72.4,53,13,4.4,0,29.5,29.5,29.4,0,0,2
2018,7,2,77,66.7,61,59,57.4,55,88,74.2,50,10,3.5,0,29.5,29.4,29.4,0,0,2
2018,7,3,73,67.2,63,59,56.5,55,83,69.9,53,10,3.5,0,29.5,29.4,29.4,0,0,2
2018,7,4,79,67.9,61,59,57.4,55,88,71,47,13,3.4,0,29.5,29.5,29.4,0,1,2
2018,7,5,84,70.1,61,63,60.4,57,94,73.5,42,14,4,0,29.5,29.5,29.4,0,1,2
2018,7,6,100,80,66,63,57.9,45,88,52.8,15,10,2.8,0,29.5,29.4,29.3,0,1,2
2018,7,7,95,84,72,63,58.4,37,69,44,14,12,3.1,0,29.4,29.3,29.3,0,1,2
2018,7,8,93,82.3,72,61,52.7,43,69,39.3,20,9,1.7,0,29.4,29.4,29.3,0,1,2
2018,7,9,93,78.9,70,66,57,43,88,50.9,20,9,3.3,0,29.5,29.4,29.4,0,1,2
2018,7,10,82,73.8,68,66,64.4,59,94,74,45,9,1.4,0,29.5,29.4,29.4,0,1,2
2018,7,11,81,73.3,66,64,63.5,61,94,73.1,54,9,4.3,0,29.4,29.4,29.4,0,1,2
2018,7,12,81,72.5,66,64,63.7,61,94,75.6,54,10,3.9,0,29.5,29.4,29.4,0,1,2
2018,7,13,79,71.4,66,66,63.8,61,94,78.3,61,13,4.8,0,29.5,29.5,29.5,0,1,2
2018,7,14,79,72.4,68,66,64,61,88,76.2,61,13,3.2,0,29.5,29.5,29.4,0,1,2
2018,7,15,81,72.2,66,66,62.8,61,88,73.8,51,10,3.3,0,29.5,29.4,29.4,0,1,2
2018,7,16,79,69.4,64,63,62.5,61,94,78.6,54,12,3.7,0,29.5,29.4,29.4,0,1,2
2018,7,17,77,69.2,64,64,63.2,61,94,80.8,57,12,4.3,0,29.5,29.5,29.4,0,1,2
2018,7,18,79,69.6,64,63,62.5,61,94,77.9,54,14,3,0,29.5,29.5,29.4,0,1,2
2018,7,19,82,71.1,64,64,62.4,61,94,74.5,51,9,2.6,0,29.5,29.4,29.4,0,1,2
2018,7,20,77,70.4,64,64,63.4,63,94,78.8,61,12,3.3,0,29.5,29.4,29.4,0,1,2
2018,7,21,81,72.2,68,64,63.5,54,88,76,44,12,3.5,0,29.5,29.5,29.4,0,1,2
2018,7,22,84,74.3,66,66,64,57,94,72.9,40,15,5,0,29.5,29.5,29.4,0,1,2
2018,7,23,86,75.5,66,66,64,61,94,70.2,43,15,3.2,0,29.5,29.4,29.4,0,1,2
2018,7,24,88,74.4,66,66,65.1,63,100,76.4,43,12,2.3,0,29.5,29.4,29.4,0,1,2
2018,7,25,86,72.9,66,66,64.5,63,94,77.4,45,9,2.3,0,29.5,29.4,29.4,0,1,2
2018,7,26,84,71.4,66,66,64.5,64,100,81.5,51,8,0.9,0,29.5,29.4,29.4,0,1,2
2018,7,27,88,73.5,64,66,63.7,63,94,73.8,43,12,1.6,0,29.4,29.4,29.4,0,1,2
2018,7,28,84,73.5,68,66,63.9,61,94,73.6,45,12,1.4,0,29.5,29.4,29.4,0,1,2
2018,7,29,86,73.1,68,66,64.1,61,88,76,43,7,1.2,0,29.5,29.5,29.4,0,1,2
2018,7,30,72,70.3,70,66,66,66,88,87.2,83,0,0,0,29.4,29.4,29.4,0,1,2
2018,7,31,86,78.3,70,66,63.8,55,88,63.2,37,8,3.9,0,29.4,29.4,29.4,0,1,2
2018,8,1,86,76.5,70,68,65.1,61,88,69.8,45,12,1.5,0,29.4,29.4,29.4,0,1,2
2018,8,2,84,75.6,70,68,65.8,61,88,73.7,45,13,1.8,0,29.4,29.4,29.4,0,1,2
2018,8,3,84,75.3,68,68,65.9,64,100,74.7,54,9,1,0,29.4,29.4,29.4,0,1,2
2018,8,4,84,74.1,68,68,65.3,64,94,76.2,51,12,1.5,0,29.4,29.4,29.3,0,1,2
2018,8,5,86,73,66,66,65.1,63,100,79.2,45,8,1.4,0,29.4,29.3,29.3,0,1,2
2018,8,6,88,74.6,66,68,64.1,55,100,74.9,33,8,0.8,0,29.4,29.3,29.3,0,1,2
2018,8,7,91,78.7,68,68,63.7,55,94,64.1,33,14,2.2,0,29.4,29.3,29.3,0,1,2
2018,8,8,93,81.6,70,68,58.1,45,83,49.5,23,6,2,0,29.4,29.4,29.4,0,1,2
2018,8,9,93,83.2,73,64,58.2,45,73,44,28,10,2.2,0,29.5,29.4,29.4,0,1,2
2018,8,10,91,81.4,75,70,65,59,83,59.4,34,7,1.9,0,29.5,29.5,29.4,0,1,2
2018,8,11,88,79.9,73,70,65.8,59,88,63.6,38,14,3.8,0,29.5,29.4,29.4,0,1,2
2018,8,12,84,75.5,70,70,67.1,59,94,77.2,51,7,2.2,0,29.5,29.5,29.4,0,1,2
2018,8,13,81,73.6,68,66,63,55,88,72.1,42,5,1.3,0,29.5,29.4,29.4,0,1,2
2018,8,14,81,73.3,68,66,63.6,61,88,73.5,51,8,3.4,0,29.4,29.4,29.4,0,1,2
2018,8,15,79,72.6,70,66,63.6,61,88,74.5,57,6,2.3,0,29.4,29.4,29.4,0,1,2
2018,8,16,81,73.2,68,66,64.6,63,88,75.7,54,8,1.1,0,29.5,29.5,29.4,0,1,2
2018,8,17,81,74.1,70,68,66.3,66,88,78.1,61,9,1.8,0,29.6,29.5,29.5,0,1,2
2018,8,18,81,74.6,70,70,67.5,64,88,79.4,58,7,0.8,0,29.6,29.5,29.4,0,1,2
2018,8,19,81,73.5,68,66,64.8,64,88,76.2,58,6,0.8,0,29.4,29.4,29.4,0,1,2
2018,8,20,81,73.3,68,64,63.7,61,88,73.7,54,8,1.3,0,29.4,29.4,29.4,0,1,2
2018,8,21,81,73.3,70,66,63.3,59,88,72.4,51,8,2,0,29.5,29.4,29.4,0,1,2
2018,8,22,81,73.3,68,66,63.5,61,88,73.4,51,6,1.9,0,29.5,29.5,29.5,0,1,2
2018,8,23,79,72.7,68,64,63.9,63,88,75.6,61,6,0.5,0,29.5,29.5,29.4,0,1,2
2018,8,24,79,71.1,66,64,62.5,61,88,75,54,6,0.5,0,29.5,29.4,29.4,0,1,2
2018,8,25,79,71.7,66,63,62,61,88,71.6,54,7,1.3,0,29.5,29.4,29.4,0,1,2
2018,8,26,79,70.6,64,63,61.9,61,94,74.3,54,6,1.6,0,29.5,29.4,29.4,0,1,2
2018,8,27,81,70.4,64,63,61.6,59,88,74.5,48,6,1.9,0,29.5,29.4,29.4,0,1,2
2018,8,28,79,70.6,64,64,61.1,57,88,73,50,8,2,0,29.4,29.4,29.4,0,1,2
2018,8,29,84,72.5,63,64,62.1,59,94,71.5,45,6,1.9,0,29.5,29.4,29.4,0,1,2
2018,8,30,84,72,64,64,61.2,55,94,71.3,37,13,2.5,0,29.5,29.4,29.4,0,1,2
2018,8,31,79,69.6,61,64,61.1,43,94,75.6,48,6,0.8,0,29.4,29.4,29.3,0,1,2
2018,9,1,79,69.5,64,63,60.6,57,88,74.1,51,6,1,0,29.4,29.3,29.3,0,1,2
2018,9,2,77,69.8,66,63,59.8,55,83,71,50,6,1.2,0,29.4,29.4,29.3,0,1,2
2018,9,3,77,70.1,66,63,60.8,59,88,72.5,57,7,2,0,29.4,29.4,29.3,0,1,2
2018,9,4,73,68.9,66,64,61.9,59,88,78.1,65,8,1.6,0,29.4,29.4,29.3,0,1,2
2018,9,5,77,71.3,68,64,62,59,88,73,54,10,3,0,29.5,29.4,29.4,0,1,2
2018,9,6,75,69.2,64,64,62.4,59,94,78.5,65,6,1.4,0,29.5,29.5,29.5,0,1,2
2018,9,7,77,70,64,64,62.1,59,94,76,57,9,4.7,0,29.5,29.4,29.4,0,1,2
2018,9,8,86,68.2,63,66,63.6,61,100,87.1,43,12,1.2,0,29.4,29.4,29.3,0,1,2
2018,9,9,88,70.2,63,66,62.8,59,100,80.2,40,5,1,0,29.4,29.3,29.3,0,1,2
2018,9,10,79,68.8,63,63,61.1,57,94,77.9,47,6,0.9,0,29.4,29.4,29.3,0,1,2
2018,9,11,77,68.2,61,61,58.9,55,94,74.5,50,6,0.7,0,29.4,29.4,29.3,0,1,2
2018,9,12,79,69,63,63,59.6,55,94,73.3,50,7,1.3,0,29.4,29.4,29.3,0,1,2
2018,9,13,82,69.8,61,66,61.1,57,100,76.6,45,9,1.5,0,29.4,29.4,29.3,0,1,2
2018,9,14,86,71.7,59,66,60.5,50,100,73.1,29,8,0.6,0,29.4,29.3,29.3,0,1,2
2018,9,15,82,68.8,64,64,62.9,54,100,84.3,37,0,0,0,29.4,29.3,29.3,0,1,2
2018,9,16,81,70.7,63,64,61.1,50,100,74.9,34,8,1.3,0,29.4,29.4,29.4,0,1,2
2018,9,17,81,70.7,63,64,60,55,94,71.9,42,6,1.2,0,29.4,29.4,29.3,0,1,2
2018,9,18,81,68,59,64,58.8,54,100,75.7,44,7,1.8,0,29.4,29.4,29.3,0,1,2
2018,9,19,77,67.5,63,61,59,55,94,76,47,8,1.7,0,29.3,29.3,29.2,0,1,2
2018,9,20,75,67,63,61,58.8,55,94,77.1,50,6,0.6,0,29.4,29.3,29.3,0,1,2
2018,9,21,77,66.4,57,61,57.8,55,100,76,50,7,2.5,0,29.5,29.4,29.4,0,1,2
2018,9,22,79,69.2,63,64,62.5,59,94,80,57,6,1.2,0,29.5,29.4,29.4,0,1,2
2018,9,23,75,67.5,64,64,62.5,61,94,83.9,65,7,0.9,0,29.4,29.4,29.3,0,1,2
2018,9,24,70,64.7,61,61,58.8,57,88,81.1,64,9,2.2,0,29.4,29.4,29.4,0,1,2
2018,9,25,72,65.5,61,61,58.9,55,94,80.1,64,7,3.3,0,29.4,29.4,29.4,0,1,2
2018,9,26,73,65.4,61,63,60,55,94,83,64,6,3,0,29.5,29.4,29.4,0,1,2
2018,9,27,77,66.4,61,64,61.8,59,100,85.9,57,8,1.6,0,29.4,29.4,29.3,0,1,2
2018,9,28,79,68,61,64,61.5,55,100,80.2,47,6,0.6,0,29.4,29.4,29.3,0,1,2
2018,9,29,79,68,63,61,59.7,57,94,76.1,47,5,1.1,0,29.4,29.4,29.4,0,1,2
2018,9,30,82,70.7,63,64,61.6,57,94,75,42,6,0.8,0,29.4,29.4,29.3,0,1,2
2018,10,1,88,76.5,70,64,60.5,54,83,59.6,38,6,1,0,29.4,29.3,29.3,0,1,2
2018,10,2,81,71.1,66,64,60.1,55,94,69.4,47,6,1.5,0,29.4,29.4,29.3,0,1,2
2018,10,3,79,70.1,64,61,58.4,48,83,68.2,36,6,2.1,0,29.5,29.4,29.4,0,1,2
2018,10,4,73,68.1,66,63,61.8,59,88,79.8,61,8,1.3,0,29.5,29.5,29.4,0,1,2
2018,10,5,72,66.3,63,64,60.5,57,100,82.1,60,7,1.7,0,29.5,29.4,29.4,0,1,2
2018,10,6,70,65.5,63,61,58.7,54,94,79.4,56,7,2.2,0,29.4,29.3,29.3,0,1,2
2018,10,7,72,65.9,61,59,57.9,55,94,76.6,60,5,1.2,0,29.3,29.3,29.3,0,1,2
2018,10,8,73,63.8,57,59,56.8,55,94,79.8,53,7,1.3,0,29.4,29.3,29.3,0,1,2
2018,10,9,72,64.5,59,57,56,55,94,76,57,6,2.3,0,29.4,29.3,29.3,0,1,2
2018,10,10,70,65.2,61,55,53.8,52,82,67.2,53,6,2,0,29.4,29.3,29.3,0,1,2
2018,10,11,72,66.5,63,55,52.5,48,73,60.8,43,6,0.8,0,29.4,29.3,29.3,0,1,2
2018,10,12,73,64.2,57,61,55.2,48,100,73.8,50,6,0.7,0,29.4,29.3,29.3,0,1,2
2018,10,13,66,62.6,59,59,57.4,55,94,84,68,7,1.4,0,29.4,29.4,29.4,0,1,2
2018,10,14,72,63.4,55,59,56.9,54,94,81.1,57,5,0.8,0,29.5,29.4,29.4,0,1,2
2018,10,15,79,67,55,59,36.2,10,100,47.1,9,14,2,0,29.5,29.5,29.4,0,1,2
2018,10,16,77,64.4,52,34,23.3,10,35,23.2,8,8,1.3,0,29.5,29.5,29.4,0,1,2
2018,10,17,79,66.7,55,41,30.2,19,45,26.8,17,7,2.7,0,29.6,29.5,29.5,0,1,2
2018,10,18,82,67.8,55,48,40.1,36,56,39.3,20,7,1.2,0,29.6,29.5,29.4,0,1,2
2018,10,19,86,72.8,59,41,34.4,30,48,26.8,13,7,1.6,0,29.5,29.5,29.4,0,1,2
2018,10,20,86,71.2,50,50,35.4,28,56,30.5,12,8,2.2,0,29.4,29.4,29.4,0,1,2
2018,10,21,79,66.6,55,61,48.3,37,94,56.5,24,3,0.1,0,29.4,29.4,29.4,0,1,2
2018,10,22,72,63.5,59,61,56.8,54,94,80.3,57,7,0.8,0,29.4,29.4,29.4,0,1,2
2018,10,23,72,64.4,59,61,58,54,94,81.5,56,6,1.9,0,29.4,29.4,29.4,0,1,2
2018,10,24,75,65.5,61,61,58.8,55,100,80.7,53,6,1.1,0,29.5,29.4,29.4,0,1,2
2018,10,25,77,62.9,57,61,58.7,54,100,87.8,53,6,0.6,0,29.5,29.5,29.4,0,1,2
2018,10,26,79,64.7,54,63,57.3,46,100,80.2,36,7,0.7,0,29.5,29.5,29.4,0,1,2
2018,10,27,84,64.9,55,61,55.2,39,100,76.5,27,6,0.8,0,29.5,29.5,29.4,0,1,2
2018,10,28,79,64.2,54,61,55,41,100,75.8,31,6,0.8,0,29.5,29.5,29.4,0,1,2
2018,10,29,77,61.9,57,61,57.4,54,100,88,44,5,0.1,0,29.5,29.5,29.4,0,1,2
2018,10,30,70,63.4,57,59,56.3,54,94,79.6,56,6,1,0,29.4,29.4,29.4,0,1,2
2018,10,31,79,64.6,54,57,50.1,34,94,66.5,20,6,0.8,0,29.5,29.5,29.4,0,1,2
2018,11,1,81,66.4,54,55,38.2,18,82,43.9,11,6,1.3,0,29.6,29.5,29.5,0,1,2
2018,11,2,88,71.6,57,52,39.6,30,67,36.5,15,14,3.9,0,29.6,29.5,29.4,0,1,2
2018,11,3,82,69.3,59,59,44.9,30,77,45,17,5,1.1,0,29.5,29.4,29.4,0,1,2
2018,11,4,77,64.8,57,59,51.2,32,100,66.9,21,6,0.7,0,29.5,29.4,29.4,0,1,2
2018,11,5,73,60.7,52,59,55.6,50,100,85.8,49,6,0.8,0,29.4,29.4,29.4,0,1,2
2018,11,6,73,63.9,55,57,55.6,54,94,75.3,50,8,2.9,0,29.4,29.4,29.4,0,1,2
2018,11,7,70,64.7,59,57,55.8,54,94,74,56,7,2.5,0,29.5,29.4,29.4,0,1,2
2018,11,8,70,63.8,55,59,55.3,52,100,75.8,53,6,1.9,0,29.5,29.4,29.4,0,1,2
2018,11,9,81,69.6,54,54,14.3,3,94,18.5,6,14,4.1,0,29.5,29.5,29.4,0,1,2
2018,11,10,79,66.4,54,46,24.8,5,67,25.2,10,15,3.5,0,29.5,29.4,29.4,0,1,2
2018,11,11,73,63.3,52,37,19.9,1,47,21.4,8,6,2.6,0,29.6,29.5,29.5,0,1,2
2018,11,12,75,65.8,54,16,2.8,-8,13,8.3,4,21,7.1,0,29.8,29.7,29.6,0,1,2
2018,11,13,73,66.2,54,16,4.8,-6,14,9.1,5,18,9,0,29.8,29.8,29.7,0,1,2
2018,11,14,79,69.6,59,27,9.7,-2,17,10.1,6,15,7.5,0,29.7,29.6,29.6,0,1,2
2018,11,15,77,63.1,50,39,23.4,9,48,23.8,12,9,3.2,0,29.6,29.5,29.5,0,1,2
2018,11,16,73,61.7,54,46,28.6,16,63,31.2,16,7,3.6,0,29.5,29.5,29.4,0,1,2
2018,11,17,73,60.3,52,55,37.3,18,94,48.8,12,7,0.8,0,29.5,29.5,29.5,0,1,2
2018,11,18,73,60.2,50,55,40,19,88,56.2,15,7,1,0,29.6,29.5,29.5,0,1,2
2018,11,19,77,60.6,48,57,45.8,25,94,65.6,14,14,3.3,0,29.5,29.5,29.5,0,1,2
2018,11,20,68,60,52,54,47.7,36,82,64.9,37,9,3.1,0,29.6,29.5,29.5,0,1,2
2018,11,21,72,61.4,52,55,49.1,45,82,66.2,40,10,4.3,0,29.6,29.6,29.6,0,1,2
2018,11,22,66,60.6,54,59,56.2,52,100,85.8,68,18,5.6,0,29.7,29.6,29.6,0,1,2
2018,11,23,66,59.6,54,55,52.7,50,94,78.4,56,14,6.2,0,29.7,29.6,29.5,0,1,2
2018,11,24,70,61.5,57,57,54.2,52,94,77.3,64,12,3.9,0,29.5,29.4,29.4,0,1,2
2018,11,25,73,61.3,52,59,53.8,50,100,79,44,15,4,0,29.6,29.5,29.4,0,1,2
2018,11,26,77,64.5,55,54,37,19,94,41.2,16,12,5.4,0,29.6,29.6,29.5,0,1,2
2018,11,27,75,61.9,52,55,34.5,19,77,41.5,14,12,3.8,0,29.6,29.5,29.5,0,1,2
2018,11,28,64,59,50,54,45.5,32,88,61.7,41,10,4.6,0,29.5,29.4,29.4,0,1,2
2018,11,29,63,57.8,55,57,55.2,52,100,91.4,72,16,6.8,0,29.4,29.4,29.3,0,1,2
2018,11,30,61,57.6,54,55,51.8,46,94,80.9,63,16,9.3,0,29.5,29.4,29.4,0,1,2
2018,12,1,63,55.7,50,52,50,46,94,81.9,63,14,5.2,0,29.5,29.5,29.4,0,1,2
2018,12,2,61,55.5,48,52,43.4,39,82,65,45,15,6.1,0,29.6,29.5,29.4,0,1,2
2018,12,3,68,54.8,43,45,36.5,25,81,54,21,12,2.8,0,29.6,29.6,29.6,0,1,2
2018,12,4,70,58.8,48,50,31.9,19,82,41.9,15,14,7.6,0,29.6,29.5,29.4,0,1,2
2018,12,5,63,54.5,46,55,43.2,28,100,67.9,36,26,6.7,0,29.5,29.4,29.4,0,1,2
2018,12,6,66,59,55,59,55.5,52,100,88.5,68,15,8.7,0,29.4,29.4,29.3,0,1,2
2018,12,7,66,58.5,54,54,52.3,50,94,79.8,56,13,4.7,0,29.7,29.5,29.4,0,1,2
2018,12,8,70,58.1,50,52,48.7,45,88,73.7,43,13,3.8,0,29.8,29.7,29.7,0,1,2
2018,12,9,70,58.1,48,54,49.6,45,94,75.6,43,13,2,0,29.8,29.7,29.5,0,1,2
2018,12,10,66,58,52,57,50.7,41,100,79.7,40,10,2.3,0,29.6,29.6,29.5,0,1,2
2018,12,11,66,57.9,54,54,51.4,48,100,79.8,59,9,3.3,0,29.6,29.5,29.5,0,1,2
2018,12,12,66,56.8,50,54,50.3,45,100,80.6,52,8,3.7,0,29.7,29.6,29.6,0,1,2
2018,12,13,77,60.1,48,55,41.1,18,94,61,11,17,5.7,0,29.7,29.7,29.6,0,1,2
2018,12,14,72,62.4,54,46,28.3,12,63,32.2,13,14,4.3,0,29.7,29.6,29.6,0,1,2
2018,12,15,70,59.3,50,52,39.4,28,88,51.6,21,12,4.3,0,29.6,29.6,29.5,0,1,2
2018,12,16,68,56.9,48,55,46.6,32,100,72,33,16,3,0,29.6,29.6,29.1,0,1,2
2018,12,17,64,57.8,52,55,52.4,46,100,83.6,63,10,4.3,0,29.7,29.7,29.6,0,1,2
2018,12,18,64,57.2,50,55,52,50,100,84,59,14,4.3,0,29.7,29.7,29.6,0,1,2
2018,12,19,70,57.5,50,55,49.3,41,100,77.6,38,10,3.3,0,29.7,29.6,29.6,0,1,2
2018,12,20,73,58.5,46,57,49.4,32,100,77.7,23,10,3.4,0,29.6,29.6,29.5,0,1,2
2018,12,21,64,56,50,55,50.1,41,100,82.6,58,7,3.2,0,29.5,29.5,29.4,0,1,2
2018,12,22,68,56,45,55,48.7,32,100,81.2,28,8,3.4,0,29.6,29.5,29.5,0,1,2
2018,12,23,66,54.9,50,55,52.4,50,100,91.7,64,13,2.3,0,29.7,29.6,29.5,0,1,2
2018,12,24,64,55.1,46,55,50.9,45,100,86.8,49,15,3.6,0,29.6,29.5,29.4,0,1,2
2018,12,25,57,54.4,50,57,50.3,46,100,86.5,67,18,7,0,29.4,29.4,29.3,0,1,2
2018,12,26,63,52.8,46,52,47.2,45,100,82.6,59,8,3.9,0,29.5,29.5,29.4,0,1,2
2018,12,27,61,53.1,46,48,47.1,45,100,81.3,63,9,6,0,29.5,29.4,29.4,0,1,2
2018,12,28,61,51.7,45,46,24.5,12,93,41.7,15,15,4.3,0,29.7,29.5,29.4,0,1,2
2018,12,29,59,48,36,32,24,14,70,42.2,20,10,3.4,0,29.8,29.7,29.7,0,1,2
2018,12,30,63,51.9,41,48,35,21,88,56.3,22,13,5.5,0,29.7,29.5,29.4,0,1,2
2018,12,31,57,53.8,46,50,44.7,25,88,73.1,35,20,8.6,0,29.4,29.4,29.3,0,1,2
2019,1,1,55,49.7,41,30,14.4,7,53,26,15,18,10,0,29.6,29.5,29.4,0,1,2
2019,1,2,59,47.5,34,34,19.3,3,57,36.4,11,12,3.4,0,29.7,29.7,29.6,0,1,2
2019,1,3,61,50.3,39,36,23.1,7,70,38.5,19,13,5.2,0,29.7,29.6,29.6,0,1,2
2019,1,4,64,50.8,39,41,31.1,23,67,49.3,22,12,3,0,29.6,29.5,29.4,0,1,2
2019,1,5,57,52,48,50,39.3,28,100,64.7,41,10,3.9,0,29.5,29.5,29.4,0,0,2
2019,1,6,59,53.4,48,52,48.1,45,100,83.4,63,12,5.8,0,29.7,29.6,29.5,0,0,2
2019,1,7,64,53.4,45,48,44,39,93,72.8,42,14,5.2,0,29.8,29.7,29.6,0,0,2
2019,1,8,72,60.5,46,46,42.9,39,100,55.8,33,15,6.7,0,29.6,29.6,29.5,0,0,2
2019,1,9,64,55,46,54,48.4,43,100,79.7,52,12,4.3,0,29.6,29.6,29.5,0,0,2
2019,1,10,63,55.2,48,54,50.5,46,100,85.7,63,10,4.2,0,29.7,29.6,29.6,0,0,2
2019,1,11,54,50.4,45,54,49.2,45,100,95.8,87,8,2.5,0,29.6,29.5,29.5,0,0,2
2019,1,12,59,54.1,48,54,51,48,100,90,72,13,3.8,0,29.6,29.5,29.5,0,0,2
2019,1,13,61,53.4,46,52,45.9,43,93,76.3,55,12,4.1,0,29.6,29.5,29.5,0,0,2
2019,1,14,57,55,54,54,48.8,43,94,80.2,59,20,7.7,0,29.6,29.5,29.4,0,0,2
2019,1,15,61,57.1,54,54,51,45,100,81.5,55,13,6.4,0,29.6,29.5,29.5,0,0,2
2019,1,16,68,61,55,57,51.4,46,94,72.8,46,12,5.7,0,29.7,29.7,29.6,0,0,2
2019,1,17,63,58.4,54,59,56,52,100,91.8,77,10,5.9,0,29.7,29.7,29.2,0,0,2
2019,1,18,63,57.6,52,57,55.1,52,100,92.2,77,14,4,0,29.8,29.7,29.7,0,0,2
2019,1,19,75,61.9,50,52,47,41,100,61.9,36,10,3.2,0,29.7,29.7,29.6,0,0,2
2019,1,20,72,60.5,54,57,46.7,39,100,63.5,35,20,3.6,0,29.6,29.5,29.5,0,0,2
2019,1,21,59,55,48,57,46.3,37,100,73.5,45,21,10,0,29.6,29.6,29.5,0,0,2
2019,1,22,63,54.4,45,45,34.9,16,93,52.2,24,12,4.2,0,29.8,29.7,29.6,0,0,2
2019,1,23,66,54.4,43,45,28.7,14,81,42.2,19,13,6.1,0,29.8,29.7,29.6,0,0,2
2019,1,24,75,60.2,45,41,31.3,23,81,38.7,15,16,6.7,0,29.6,29.6,29.6,0,0,2
2019,1,25,75,61.6,50,39,30.8,23,50,33.4,16,12,5.6,0,29.6,29.6,29.5,0,0,2
2019,1,26,79,64.2,50,41,27.9,16,47,27.5,12,17,7.2,0,29.7,29.6,29.6,0,0,2
2019,1,27,75,60.7,50,36,30,25,54,33.3,17,10,3,0,29.7,29.6,29.5,0,0,2
2019,1,28,72,59.2,52,54,42.3,34,94,56.4,27,9,3.8,0,29.5,29.5,29.4,0,0,2
2019,1,29,68,57.7,50,55,51.2,43,100,81,43,9,4.1,0,29.4,29.4,29.4,0,0,2
2019,1,30,64,57.5,54,54,51.5,48,100,81,59,14,4.4,0,29.4,29.4,29.4,0,0,2
2019,1,31,63,55.4,50,55,52,48,100,88.6,68,17,5.9,0,29.5,29.4,29.4,0,0,2
2017,7,1,68,61.4,54,59,56.9,53,100,85.5,66,10,5.2,0,29.9,29.9,29.8,0,0,3
2017,7,2,72,62.3,58,60,58.2,55,100,87.2,64,12,4.7,0,30,29.9,29.9,0,0,3
2017,7,3,71,60.7,53,59,56.7,52,100,87.5,66,13,4.7,0,30.1,30,29.9,0,0,3
2017,7,4,69,60.4,53,60,57.7,52,100,91.1,68,13,4.8,0,30,29.9,29.9,0,0,3
2017,7,5,75,65.1,58,61,59.1,57,100,82.4,57,13,5.2,0,30,29.9,29.9,0,0,3
2017,7,6,74,66.9,61,62,60.4,59,93,80.7,59,10,5.7,0,30,29.9,29.9,0,0,3
2017,7,7,75,68.4,61,64,61.8,59,97,80.3,64,12,6.1,0,29.9,29.8,29.8,0,1,3
2017,7,8,84,69.8,60,62,59.8,57,96,73.1,40,13,4.9,0,29.9,29.8,29.8,0,1,3
2017,7,9,77,69,61,68,63.1,58,93,81.9,66,10,4.5,0,29.9,29.9,29.8,0,1,3
2017,7,10,78,68.4,62,63,62,60,97,81.1,60,9,4.2,0,29.9,29.9,29.8,0.04,1,3
2017,7,11,73,64.9,60,65,62.3,60,100,91.8,73,14,5.1,0,29.9,29.9,29.9,0,1,3
2017,7,12,71,64.2,60,65,62,60,100,92.8,78,10,4.9,0,30,29.9,29.9,0,1,3
2017,7,13,70,63.8,60,62,61,58,100,91.1,73,12,6.3,0,30,30,29.9,0,1,3
2017,7,14,67,63,61,61,60,59,100,90.4,79,9,4.4,0,30,30,29.9,0,1,3
2017,7,15,77,66.4,57,63,60,57,100,81.4,50,10,4.1,0,29.9,29.9,29.9,0,1,3
2017,7,16,76,69.3,63,65,61.8,60,97,77.9,60,12,4.5,0,29.9,29.9,29.8,0,1,3
2017,7,17,76,67,61,66,63.6,60,100,89.3,71,13,5.1,0,29.9,29.9,29.8,0,1,3
2017,7,18,71,65,62,63,62.3,60,100,91.5,73,15,5,0,30,29.9,29.9,0,1,3
2017,7,19,72,66,62,64,62.4,59,100,89.2,64,13,4.8,0,30,29.9,29.9,0,1,3
2017,7,20,75,65.8,56,63,59.6,56,100,81.8,55,12,5,0,30,29.9,29.9,0,1,3
2017,7,21,73,66.4,58,62,60.4,57,97,81.6,61,9,5.6,0,30,29.9,29.8,0,1,3
2017,7,22,73,65.7,58,63,60.7,57,97,84.7,64,14,5.7,0,29.9,29.9,29.8,0,1,3
2017,7,23,71,62.4,59,62,60.3,59,100,93.3,73,14,4.8,0,29.9,29.9,29.8,0,1,3
2017,7,24,73,65.4,61,64,62.1,61,100,89.7,71,12,5.8,0,29.9,29.9,29.8,0,1,3
2017,7,25,73,66.3,61,63,61,59,100,84,66,15,6.3,0,30,29.9,29.9,0,1,3
2017,7,26,73,66.1,60,62,60.6,59,96,83.3,64,14,6.3,0,30,30,29.9,0,1,3
2017,7,27,74,66.6,62,63,61.3,60,96,83.5,64,12,6,0,30,29.9,29.8,0,1,3
2017,7,28,71,64.8,62,63,61.4,60,97,89,73,12,6.4,0,29.9,29.9,29.9,0,1,3
2017,7,29,70,64.8,61,63,61,59,100,87.9,73,15,6.2,0,30,30,29.9,0,1,3
2017,7,30,70,64.3,61,62,60.6,59,97,88.3,73,13,7,0,30.1,30,29.9,0,1,3
2017,7,31,74,65.9,61,62,61,60,97,84.7,64,9,4.4,0,30,29.9,29.8,0,1,3
2017,8,1,76,68,61,63,61.1,59,93,79.1,58,15,6.1,0,29.9,29.8,29.8,0,1,3
2017,8,2,84,71.8,65,66,63.8,61,93,77.4,53,10,4.2,0,29.9,29.9,29.8,0,1,3
2017,8,3,81,72.4,66,66,63.8,60,97,76.2,49,14,4.5,0,29.9,29.9,29.9,0,1,3
2017,8,4,78,70.3,65,66,65,64,100,84.1,64,14,6.6,0,30,29.9,29.9,0,1,3
2017,8,5,73,67.4,63,65,63.1,61,97,86,73,13,6.6,0,29.9,29.9,29.8,0,1,3
2017,8,6,74,67.3,60,64,61.8,59,97,83.3,64,9,4.9,0,29.9,29.9,29.8,0,1,3
2017,8,7,76,67.2,59,63,61.3,58,96,82.1,60,10,5.1,0,29.9,29.9,29.8,0,1,3
2017,8,8,76,69.3,61,64,61.8,59,93,78.4,58,12,5.5,0,29.9,29.9,29.8,0,1,3
2017,8,9,77,68.7,61,63,62,59,93,80.2,60,9,5.6,0,29.9,29.9,29.8,0,1,3
2017,8,10,76,68.8,62,63,61.5,60,93,79,58,10,6.7,3,29.9,29.9,29.8,0,1,3
2017,8,11,76,67.4,62,63,61.4,60,93,82.2,58,9,6.1,0,29.9,29.8,29.8,0,1,3
2017,8,12,71,64.2,59,61,60.6,59,100,88.2,70,12,6.4,0,29.9,29.9,29.8,0,1,3
2017,8,13,71,65,61,62,60.5,59,96,86,70,13,5.6,0,29.9,29.9,29.9,0,1,3
2017,8,14,70,64.3,61,61,60.6,59,100,88.5,71,12,5.9,0,29.9,29.9,29.8,0,1,3
2017,8,15,74,66.4,58,61,57.8,53,97,74.9,55,12,6.1,0,29.9,29.9,29.8,0,1,3
2017,8,16,74,66.1,59,60,57.5,54,90,74.5,57,12,5.4,0,30,29.9,29.9,0,1,3
2017,8,17,73,66.1,60,62,59.4,56,93,79.7,61,13,7,0,30,30,29.9,0,1,3
2017,8,18,73,65.6,59,62,60.6,57,96,84.3,64,13,6.1,0,30,29.9,29.9,0,1,3
2017,8,19,72,64.8,62,61,60.6,60,96,86.7,68,12,6.7,0,30,29.9,29.9,0,1,3
2017,8,20,72,65.8,60,61,59.9,58,93,81.9,66,12,4.7,0,29.9,29.9,29.9,0,1,3
2017,8,21,74,68,61,61,59.9,58,93,76.2,59,13,5.6,0,30,30,29.9,0,1,3
2017,8,22,76,66.3,57,63,60,55,96,81.1,58,14,5.1,0,30,29.9,29.9,0,1,3
2017,8,23,70,65.1,63,62,61.1,60,93,87,71,12,7.9,3,30,29.9,29.9,0,1,3
2017,8,24,71,65.3,63,63,60.8,59,96,85.7,70,13,6.3,0,29.9,29.8,29.7,0,1,3
2017,8,25,71,66,63,64,62.8,61,97,89.5,75,8,5.4,0,29.9,29.8,29.8,0,1,3
2017,8,26,71,64.1,62,64,62.4,61,100,94.7,78,13,3.8,0,29.9,29.9,29.9,0,1,3
2017,8,27,71,64.6,60,63,61.6,60,100,90.5,73,14,4.8,0,29.9,29.9,29.8,0,1,3
2017,8,28,74,66.8,63,63,62.5,62,97,86.8,66,12,6.9,0,29.9,29.8,29.7,0,1,3
2017,8,29,80,69.5,63,65,62.7,59,96,80.2,52,10,4.3,0,29.8,29.8,29.7,0,1,3
2017,8,30,79,70.4,64,65,62.9,61,93,78.4,54,9,4.8,0,29.8,29.7,29.7,0,1,3
2017,8,31,84,72.3,65,66,63.4,61,93,75.9,46,9,4.5,0,29.7,29.7,29.7,0,1,3
2017,9,1,85,74.7,65,66,63.9,62,97,71.2,47,10,4.5,0,29.8,29.7,29.7,0,1,3
2017,9,2,85,75.5,69,67,65.6,63,90,72.4,51,15,5.7,0,29.8,29.8,29.7,0,1,3
2017,9,3,95,79.3,72,75,67,61,93,69.2,33,17,4.8,0,29.9,29.9,29.8,0,1,3
2017,9,4,74,73.2,72,71,69.4,67,97,87.8,79,10,7,5,29.9,29.9,29.9,0,1,3
2017,9,5,78,71.8,66,69,66.5,62,96,83.8,66,15,7.1,0,30,29.9,29.9,0.01,1,3
2017,9,6,76,68.3,64,65,63.6,61,100,85.4,62,15,5.9,0,30,29.9,29.9,0,1,3
2017,9,7,80,69.2,61,66,63.3,60,97,82.3,52,10,5,0,29.9,29.8,29.8,0,1,3
2017,9,8,77,68.8,60,65,62.5,59,97,81.3,58,9,5.8,0,29.9,29.8,29.8,0,1,3
2017,9,9,73,65.5,59,64,61.2,57,100,86.5,68,10,5.8,0,30,29.9,29.9,0,1,3
2017,9,10,75,66.1,57,67,62.5,55,97,88.5,69,12,4.6,0,29.9,29.9,29.8,0,1,3
2017,9,11,80,71.4,65,68,66.1,64,100,84.5,60,14,6.3,0,29.9,29.9,29.8,0.15,1,3
2017,9,12,74,67.5,63,66,63.1,60,100,86.8,66,17,7.4,0,29.9,29.9,29.8,0,1,3
2017,9,13,74,66.6,62,63,61.3,58,97,83.8,57,15,7.5,0,29.9,29.9,29.8,0,1,3
2017,9,14,75,66.6,61,61,59.5,58,93,78.8,57,16,6.3,0,29.9,29.9,29.9,0,1,3
2017,9,15,73,64.8,56,62,57.9,50,97,79.7,57,14,5.2,0,29.9,29.9,29.8,0,1,3
2017,9,16,72,64,55,62,57,52,93,79.1,59,10,4.4,0,29.9,29.9,29.8,0,1,3
2017,9,17,70,64.3,59,61,59.8,56,100,85.6,73,9,4.7,0,30,29.9,29.9,0,1,3
2017,9,19,72,64,57,62,58.5,54,97,83.1,60,9,3.4,0,29.9,29.9,29.8,0,1,3
2017,9,20,74,64.4,54,62,57.5,51,97,79.1,64,10,5.3,0,29.9,29.8,29.8,0,1,3
2017,9,21,75,65.6,58,56,50.2,43,90,60.4,34,26,11.4,0,29.9,29.8,29.7,0,1,3
2017,9,22,70,62.5,52,55,47.8,43,71,59.5,42,21,6.3,0,29.9,29.8,29.8,0,1,3
2017,9,23,73,60.4,47,58,52.2,45,97,75.5,42,12,3.8,0,29.9,29.8,29.8,0,1,3
2017,9,24,76,63.5,49,57,47.2,37,86,60.9,25,14,4.7,0,29.9,29.8,29.8,0,1,3
2017,9,25,80,65.8,51,60,47.8,37,90,56.6,22,8,2.9,0,29.9,29.8,29.8,0,1,3
2017,9,26,81,66.2,52,54,47.1,36,89,56.2,20,8,2.9,0,29.8,29.8,29.7,0,1,3
2017,9,27,75,69.5,61,63,59.3,53,100,72.3,49,13,6.6,0,29.9,29.9,29.8,0,1,3
2017,9,28,73,62.2,55,62,58.7,53,100,89.3,61,13,4.2,0,29.9,29.9,29.8,0,1,3
2017,9,29,79,65.1,53,63,59,52,100,82.8,42,9,4.9,0,29.9,29.9,29.8,0,1,3
2017,9,30,72,65.3,56,63,59.9,54,93,83,71,10,5.2,0,29.9,29.8,29.8,0,1,3
2017,10,1,71,62.1,52,61,57.9,52,100,87,66,9,4.1,0,29.8,29.8,29.7,0,1,3
2017,10,2,72,62.8,54,60,56.9,53,100,82.2,61,14,3.6,0,29.8,29.8,29.7,0,1,3
2017,10,3,69,60.9,52,60,54,44,100,79.4,54,7,2.2,0,29.9,29.8,29.8,0,1,3
2017,10,4,75,60.5,47,57,43.8,34,84,57.8,22,9,3.1,0,30,29.9,29.9,0,1,3
2017,10,5,76,61.9,47,58,47.7,40,93,62.8,30,9,3.3,0,29.9,29.9,29.8,0,1,3
2017,10,6,86,66.3,49,63,45,29,90,54.2,13,14,3.7,0,29.9,29.9,29.8,0,1,3
2017,10,7,82,65,52,63,52.7,39,97,67.4,27,8,1.9,0,29.8,29.8,29.7,0,1,3
2017,10,8,71,61.6,52,62,56.2,47,93,82.9,68,10,4,0,29.8,29.7,29.7,0,1,3
2017,10,9,79,65.8,54,62,56.1,42,93,74.7,27,15,5.6,0,29.9,29.8,29.8,0,1,3
2017,10,10,72,60.4,49,59,53.1,43,93,77.9,48,15,4.6,0,29.9,29.9,29.9,0,1,3
2017,10,11,70,60,50,60,54.1,49,97,82,63,9,3.6,0,29.9,29.9,29.8,0,1,3
2017,10,12,71,60.3,54,59,54.3,49,100,81.9,47,13,3.4,0,30,29.9,29.9,0,1,3
2017,10,13,72,59.7,49,60,52.7,46,93,79,51,8,2.5,0,30,29.9,29.9,0,1,3
2017,10,14,76,61.2,48,59,52.4,47,97,75.5,41,9,2.7,0,30,29.9,29.9,0,1,3
2017,10,15,85,65.5,49,51,43.5,38,83,50.5,20,12,4.5,0,30.1,30,30,0,1,3
2017,10,16,86,66.7,50,60,44.3,31,87,51.4,14,13,3,0,30.1,30,30,0,1,3
2017,10,17,91,70.2,55,62,50,43,80,51.8,19,12,4.1,0,30,29.9,29.9,0,1,3
2017,10,18,80,68.9,60,63,57.4,52,90,68.3,38,10,5.6,0,29.9,29.9,29.8,0,1,3
2017,10,19,81,67.7,54,61,54.2,46,96,65.1,29,17,5.8,0,29.9,29.9,29.8,0,1,3
2017,10,20,78,67.3,59,57,48.6,39,73,53,29,24,13.1,0,30,29.9,29.9,0,1,3
2017,10,21,73,61.4,49,56,45.6,34,89,58.7,24,14,4.9,0,30.1,30,30,0,1,3
2017,10,22,81,62.1,49,56,46.3,34,84,61.4,18,8,2.5,0,30.1,30.1,30,0,1,3
2017,10,23,96,70.8,50,58,41.9,29,87,46.5,9,12,3,0,30.1,30,30,0,1,3
2017,10,24,95,74.7,58,56,39.7,30,93,36.3,10,13,3.3,0,30,30,29.9,0,1,3
2017,10,25,96,72.3,55,56,40.2,28,70,39.8,9,9,3.3,0,29.9,29.9,29.8,0,1,3
2017,10,26,81,66,54,59,45.6,41,77,51.4,25,9,3.1,0,29.9,29.8,29.8,0,1,3
2017,10,27,73,58.8,50,61,53.9,44,100,84.8,51,10,2.9,0,29.9,29.9,29.8,0,1,3
2017,10,28,65,58.2,53,59,57.2,53,100,96.8,81,10,3.8,0,29.9,29.9,29.8,0,1,3
2017,10,29,64,60.6,58,58,56.7,55,96,86.9,78,12,6.1,3,29.9,29.9,29.8,0,1,3
2017,10,30,68,62.2,59,57,55.9,52,93,80.1,68,12,4.4,0,29.9,29.9,29.8,0,1,3
2017,10,31,67,62.8,60,57,53.9,52,81,72.8,63,8,4.9,0,29.9,29.9,29.9,0,1,3
2017,11,1,69,63,59,55,52.9,50,83,70.4,54,14,4.5,0,30,29.9,29.9,0,1,3
2017,11,2,67,62.7,59,55,52,48,78,68.5,51,10,3.6,0,30.1,30,30,0,1,3
2017,11,3,69,62,51,56,52.6,48,93,71.9,58,10,4,0,30.1,30,30,0,1,3
2017,11,4,69,60.6,50,59,54.5,48,93,81.1,56,20,6.9,0,30,30,29.9,0,1,3
2017,11,5,71,61.8,52,58,50.6,42,93,69.1,39,14,5.3,0,30.1,30,30,0,1,3
2017,11,6,65,59,51,53,49.6,45,89,71.3,62,12,3.4,0,30.1,30,30,0,1,3
2017,11,7,70,58.3,49,55,48,42,93,70.7,40,9,3.3,0,30.1,30.1,30,0,1,3
2017,11,8,71,59.8,48,58,51.5,42,93,76.1,39,10,2.7,0,30.1,30,30,0,1,3
2017,11,9,68,59.6,50,60,56.1,50,100,89.3,70,16,5,0,30.1,30,30,0,1,3
2017,11,10,66,56,48,57,52.3,48,100,88.7,59,9,3,0,30,30,29.9,0,1,3
2017,11,11,66,56.5,46,58,52.2,46,100,86.4,59,8,1.8,0,30,30,29.9,0,1,3
2017,11,12,67,55.8,47,58,51,46,97,85.1,59,7,1.8,0,30.1,30,30,0,1,3
2017,11,13,68,56.3,45,58,51.2,44,100,84.3,56,12,3,0,30.1,30.1,30,0,1,3
2017,11,14,69,59.8,49,58,52.7,47,97,78.2,61,9,4.3,0,30.1,30,29.9,0,1,3
2017,11,15,72,60.2,50,58,52.1,46,93,76.5,43,8,3.2,0,30,29.9,29.9,0,1,3
2017,11,16,67,61.3,56,61,57.7,54,97,88.2,68,9,2.9,0,30,29.9,29.9,0,1,3
2017,11,17,72,62.6,50,61,56.5,48,97,81.7,61,20,7,0,30.1,30,30,0.07,1,3
2017,11,18,68,56,46,57,48.2,40,100,77,49,9,3.4,0,30.2,30.1,30.1,0,1,3
2017,11,19,67,53.7,42,55,46.3,38,93,78.2,44,12,3.9,0,30.1,30,29.9,0,1,3
2017,11,20,68,58.7,45,58,48.9,41,89,71,45,8,3.3,0,30,30,29.9,0,1,3
2017,11,21,81,64.6,53,54,46.9,38,81,56.7,21,8,2.8,0,30.1,30,30,0,1,3
2017,11,22,90,67.5,51,60,46.5,35,96,57,15,8,2.7,0,30.1,30,30,0,1,3
2017,11,23,84,61.2,49,60,51.5,42,97,74.6,23,6,2,0,30,29.9,29.9,0,1,3
2017,11,24,72,59.3,47,60,53.8,45,96,82.9,61,7,3.1,0,29.9,29.9,29.8,0,1,3
2017,11,25,76,61.6,50,61,51.9,43,100,75,31,13,4.3,0,30.1,30,29.9,0,1,3
2017,11,26,62,57.8,54,57,55.6,53,100,92.7,81,10,4.8,0,30.1,30,29.9,0,1,3
2017,11,27,71,61,48,58,39.1,25,93,51,22,24,10.1,0,30,30,29.9,0,1,3
2017,11,28,67,53.1,41,48,40.2,31,79,62.5,37,6,1.8,0,30,29.9,29.9,0,1,3
2017,11,29,71,54.3,44,52,42.6,36,97,68.3,31,12,2.8,0,30.1,30,29.9,0,1,3
2017,11,30,67,52.7,40,54,45.7,36,100,78.7,52,13,3.8,0,30.1,30,29.9,0,1,3
2017,12,1,67,53.5,41,56,46.4,39,100,79.3,51,8,2.2,0,30,30,29.9,0,1,3
2017,12,2,68,54.3,43,53,47.3,41,96,79.2,52,8,2,0,30,30,29.9,0,1,3
2017,12,3,64,51.9,44,57,48.1,44,100,88.2,60,9,2.6,0,30,30,29.9,0,1,3
2017,12,4,65,49.4,38,48,41.2,28,100,75.9,50,9,2.6,0,30,30,29.9,0,1,3
2017,12,5,65,47.1,33,46,31,23,71,56.1,27,13,4.5,0,30.2,30.1,30.1,0,1,3
2017,12,6,68,48.4,34,49,32.1,21,89,57,18,8,1.8,0,30.2,30.2,30.1,0,1,3
2017,12,7,70,53.2,39,32,27.6,19,60,40.6,14,13,3.3,0,30.4,30.3,30.2,0,1,3
2017,12,8,70,52.6,39,38,29.3,22,60,43.7,16,7,2.5,0,30.4,30.3,30.2,0,1,3
2017,12,9,70,53.3,40,36,29.6,22,65,45.2,16,7,1.6,0,30.2,30.2,30.1,0,1,3
2017,12,10,74,55.3,44,35,30.4,26,58,41.4,17,9,2.2,0,30.2,30.1,30.1,0,1,3
2017,12,11,77,53.8,39,31,24.2,13,62,37.5,9,8,2.5,0,30.2,30.1,30.1,0,1,3
2017,12,12,74,52.9,39,29,23.4,8,57,36.6,11,6,1.8,0,30.2,30.1,30,0,1,3
2017,12,13,75,50.2,35,51,31.6,22,97,54.4,14,7,1.6,0,30,29.9,29.9,0,1,3
2017,12,14,70,49.8,39,51,37.8,28,82,65.2,37,8,2,0,30.1,30,29.9,0,1,3
2017,12,15,75,53,35,55,35.1,24,93,59.1,16,8,1.9,0,30.1,30,29.9,0,1,3
2017,12,16,68,58.3,45,51,37.3,26,90,49.4,24,18,5,0,29.8,29.7,29.7,0,1,3
2017,12,17,67,50.5,39,45,34.8,30,77,57.1,30,12,2.7,0,30.1,29.9,29.8,0,1,3
2017,12,18,67,50.5,36,40,29.9,25,73,48.5,23,9,2.4,0,30.2,30.1,30.1,0,1,3
2017,12,19,63,50.4,39,52,41.5,27,96,72.5,51,10,2.9,0,30.2,30.1,30.1,0,1,3
2017,12,20,64,51.1,40,48,37.6,18,100,65.8,25,20,6.4,0,30.1,30.1,30,0,1,3
2017,12,21,58,46.8,35,36,28.8,21,72,51.5,34,9,4.2,0,30.2,30.1,30.1,0,1,3
2017,12,22,60,45.7,30,45,34.1,24,79,65.7,42,8,3.2,0,30.3,30.2,30.2,0,1,3
2017,12,23,61,48.7,35,46,35.6,27,77,62.3,38,7,1.8,0,30.2,30.1,30.1,0,1,3
2017,12,24,64,52,42,48,40.5,36,79,66,45,10,2.4,0,30.1,30.1,30,0,1,3
2017,12,25,63,50.1,41,53,42.4,35,93,75.4,53,6,2.2,0,30.1,30.1,30,0,1,3
2017,12,26,65,51.2,41,53,43.9,36,97,78.2,50,8,2,0,30.1,30.1,30,0,1,3
2017,12,27,68,51.6,40,53,44.3,37,100,78.2,54,7,1.7,0,30.1,30.1,30.1,0,1,3
2017,12,28,72,53.3,38,48,36.8,30,86,58.6,21,7,2.3,0,30.1,30.1,30,0,1,3
2017,12,29,75,54.7,39,52,36,27,76,54.3,18,9,2.5,0,30.1,30.1,30,0,1,3
2017,12,30,61,48.8,39,53,45.4,35,100,88.7,72,12,3.2,0,30.1,30.1,30,0,1,3
2017,12,31,61,52.5,45,51,49.5,44,100,90.1,70,12,3.2,0,30.1,30.1,30,0,1,3
2018,1,1,63,51.4,41,55,47.4,40,97,86.8,72,9,2.8,0,30.2,30.1,30.1,0,1,3
2018,1,2,65,53.2,42,55,49,41,100,86.5,61,8,2.4,0,30.1,30.1,30,0,1,3
2018,1,3,71,53.2,41,53,45.7,38,93,77.6,30,9,1.9,0,30.1,30,30,0,1,3
2018,1,4,65,59.4,56,56,52.7,48,93,79.3,56,7,2.5,0,30.2,30.1,30,0.03,1,3
2018,1,5,61,57.2,52,59,56.7,52,100,98.1,90,7,2.4,0,30.2,30.1,30.1,0.17,1,3
2018,1,6,61,57.5,55,58,56.7,55,100,97.3,83,10,2.6,0,30.1,30.1,30,0,1,3
2018,1,7,60,54.8,48,58,53.7,48,100,96,86,7,2.2,0,30.1,30,30,0,1,3
2018,1,8,65,59.7,57,58,57,55,100,91,75,20,6.9,0,30,29.9,29.7,0.01,1,3
2018,1,9,63,57.2,52,59,53.5,48,100,88,70,29,14.7,0,29.9,29.6,29.5,1.08,1,3
2018,1,10,68,58.1,49,50,47.2,44,90,68.6,45,15,6.1,0,30.1,30,29.9,1.43,0,3
2018,1,11,63,54.5,46,55,50.2,44,97,86,72,9,3.5,0,30.2,30.2,30.1,0,0,3
2018,1,12,69,53.3,44,55,48.5,43,100,85.6,52,12,2.2,0,30.2,30.1,30,0,0,3
2018,1,13,79,58.3,41,47,41.8,36,93,61.1,21,12,2.8,0,30.1,30.1,30,0,0,3
2018,1,14,78,58.7,46,45,40.4,33,83,57,19,6,1.7,0,30.1,30.1,30,0,0,3
2018,1,15,61,53.5,42,55,49.9,39,100,88,72,9,3.5,0,30.1,30.1,30,0,0,3
2018,1,16,65,52.6,47,56,49.9,46,100,91.3,60,6,2.6,0,30.1,30.1,30.1,0,0,3
2018,1,17,70,56,46,57,51.1,45,100,84.9,52,8,1.6,0,30.2,30.1,30.1,0,0,3
2018,1,18,68,56.6,46,58,51.1,43,97,82.7,54,9,2.7,0,30.1,30,30,0,0,3
2018,1,19,63,56.1,48,54,45,30,100,69.2,38,16,6.3,0,30,29.9,29.9,0,0,3
2018,1,20,63,53.5,45,37,33.3,26,68,48.7,25,16,8.7,0,30.2,30.1,30,0,0,3
2018,1,21,61,51.4,40,41,33.5,25,68,51.5,34,8,3.5,0,30.3,30.2,30.2,0,0,3
2018,1,22,63,54.4,40,47,36.8,26,76,53.6,30,14,5.2,0,30.3,30.2,30.1,0,0,3
2018,1,23,69,53.2,41,42,39,36,86,61.7,32,10,3,0,30.2,30.1,30.1,0,0,3
2018,1,24,68,52,39,50,39.8,34,86,65.9,35,10,2.5,0,30.1,30.1,30,0,0,3
2018,1,25,65,52.6,40,42,36.6,27,86,58.7,24,21,7.7,0,30.2,30.1,30,0,0,3
2018,1,26,62,52.3,42,48,36.6,28,77,57,31,15,5.4,0,30.2,30.2,30.1,0,0,3
2018,1,27,68,51.1,35,46,31.9,22,82,53.1,18,9,2.4,0,30.2,30.2,30.1,0,0,3
2018,1,28,78,57.2,40,41,33.3,27,73,46.6,16,8,3.1,0,30.2,30.1,30.1,0,0,3
2018,1,29,77,58.8,43,47,36.9,32,71,49.1,19,9,2.8,0,30.1,30.1,30,0,0,3
2018,1,30,76,59.4,47,45,37.8,29,77,49.9,18,8,1.5,0,30.1,30,29.9,0,0,3
2018,1,31,73,54.6,41,53,39.8,33,80,60.7,23,7,2.1,0,30,29.9,29.9,0,0,3
2018,8,1,78,70.6,62,62,60.7,59,90,72.2,56,9,4.9,0,29.9,29.9,29.8,0,0,3
2018,8,2,76,67.1,61,63,60.1,58,90,79.3,58,8,4.3,0,29.9,29.9,29.8,0,0,3
2018,8,3,78,68.3,61,62,59.8,57,90,75.8,52,9,4.2,0,29.9,29.9,29.8,0,0,3
2018,8,4,75,66.3,57,64,60.2,55,93,81.3,68,10,4.3,0,29.9,29.8,29.8,0,0,3
2018,8,5,78,67.5,58,64,60.5,56,93,79.1,60,9,4,0,29.9,29.8,29.8,0,0,3
2018,8,6,81,69.8,58,64,60.9,56,93,74.8,50,9,4.1,0,29.9,29.8,29.7,0,0,3
2018,8,7,82,71,60,68,62.1,55,90,74.5,42,9,5,0,29.8,29.7,29.7,0,0,3
2018,8,8,82,70.4,65,68,65.2,62,97,84.7,60,13,5.8,0,29.9,29.9,29.8,0,0,3
2018,8,9,80,68.3,64,65,63.8,62,100,86.3,56,12,3.7,0,29.9,29.9,29.9,0,0,3
2018,8,10,83,72.4,62,66,62.2,57,93,72.3,44,12,4.3,0,30,29.9,29.9,0,0,3
2018,8,11,79,71.1,64,65,61.5,56,87,72.8,45,14,6.2,0,30,29.9,29.9,0,0,3
2018,8,12,79,69.8,62,66,63,60,93,79.8,62,12,6.3,0,30,29.9,29.9,0,0,3
2018,8,13,78,69.8,66,64,62.9,62,90,79.3,62,13,4.5,0,30,29.9,29.9,0,0,3
2018,8,14,76,70.3,66,63,62.1,60,90,75.7,62,10,4.7,0,29.9,29.9,29.8,0,0,3
2018,8,15,78,71.4,64,66,62.4,60,87,74.2,56,13,6.3,0,29.9,29.9,29.8,0,0,3
2018,8,16,78,71.2,64,66,63.9,61,90,78.2,64,12,5.3,0,30,30,29.9,0,0,3
2018,8,17,78,71,66,67,64.8,63,90,80.9,66,13,5.7,0,30.1,30,30,0,0,3
2018,8,18,77,69.7,66,66,64,62,94,82.3,69,13,6.3,3,30.1,30,29.9,0,0,3
2018,8,19,77,70.5,67,65,63.7,62,93,79.6,64,12,6.6,3,29.9,29.9,29.8,0,0,3
2018,8,20,77,68.9,64,65,63.4,61,90,82.8,66,13,5.4,0,29.9,29.9,29.8,0,0,3
2018,8,21,76,69.4,64,65,63.7,60,96,82.6,69,13,5.4,0,30,29.9,29.9,0,0,3
2018,8,22,76,68.8,62,64,61.7,57,90,78.6,62,14,5.3,0,30,30,29.9,0,0,3
2018,8,23,76,69,60,63,60.6,56,90,75.3,56,13,6.4,0,30,29.9,29.9,0,0,3
2018,8,24,75,69.5,60,62,60.5,57,90,74,59,12,7,0,30,29.9,29.8,0,0,3
2018,8,25,74,68.8,62,62,60.9,58,90,76.3,64,12,7,0,30,29.9,29.9,0,0,3
2018,8,26,74,67.6,61,62,60.2,56,87,77.7,62,13,7.4,0,30,29.9,29.9,0,0,3
2018,8,27,74,66,57,61,58.5,55,93,78.1,57,12,6,0,29.9,29.9,29.8,0,0,3
2018,8,28,76,72.2,68,61,59.4,56,76,64.7,52,10,6.1,0,29.9,29.9,29.9,0,0,3
2018,8,29,81,69.7,58,63,57.4,51,87,66.3,44,10,4.2,0,29.9,29.9,29.9,0,0,3
2018,8,30,82,69.2,56,61,55.3,50,84,62.9,37,8,4.2,0,30,29.9,29.8,0,1,3
2018,8,31,78,69.3,58,64,59,54,90,70.5,55,12,4.8,0,29.9,29.8,29.7,0,1,3
2018,9,1,74,68.4,62,63,60.9,56,90,77.7,62,14,6.1,0,29.8,29.8,29.7,0,1,3
2018,9,2,76,67.1,61,63,60.3,58,90,79.3,58,10,3.3,0,29.9,29.8,29.8,0,1,3
2018,9,3,74,66.2,60,62,60.4,57,93,82.1,66,16,6,0,29.9,29.9,29.8,0,1,3
2018,9,4,70,65.1,62,61,60.1,59,93,84.1,71,10,5.7,0,29.9,29.9,29.8,0,1,3
2018,9,5,70,64.8,62,62,60.3,58,96,85.7,71,15,4.7,0,30,29.9,29.9,0,1,3
2018,9,6,69,64.7,62,61,59.6,59,93,83.8,73,12,4.6,0,30,30,29.9,0,1,3
2018,9,7,70,64.2,61,62,60.5,59,97,88,75,10,5.2,0,30,29.9,29.9,0,1,3
2018,9,8,73,65.7,62,64,62.2,60,97,88.8,71,9,4.4,0,29.9,29.9,29.8,0,1,3
2018,9,9,74,66.2,59,64,61.6,57,100,85.9,66,9,4.8,0,29.8,29.8,29.8,0,1,3
2018,9,10,73,65.7,61,63,60.5,58,93,83.7,68,12,6.1,0,29.9,29.8,29.8,0,1,3
2018,9,11,73,64.7,60,62,60.1,57,96,85.4,66,13,5,0,29.9,29.8,29.8,0,1,3
2018,9,12,74,64.4,56,61,58.3,54,96,81.4,64,15,4.6,0,29.9,29.9,29.8,0,1,3
2018,9,13,81,65.5,52,62,55.2,50,93,72.7,34,10,3.3,0,29.9,29.9,29.8,0,1,3
2018,9,14,79,66.4,53,62,55.2,48,86,69.5,39,10,4,0,29.8,29.8,29.7,0,1,3
2018,9,15,79,66.1,54,61,56.1,51,90,72.4,40,9,3.2,0,29.9,29.8,29.8,0,1,3
2018,9,16,76,65.1,53,62,55.4,50,93,72.8,40,8,2.7,0,29.9,29.9,29.8,0,1,3
2018,9,17,78,65.2,52,62,55.5,50,93,72.7,43,9,3.8,0,29.9,29.9,29.8,0,1,3
2018,9,18,76,65.2,53,60,55.8,49,90,73.1,46,10,3.8,0,29.9,29.8,29.8,0,1,3
2018,9,19,76,64.6,53,61,57.6,51,93,79.2,48,10,4.8,0,29.8,29.7,29.7,0,1,3
2018,9,20,73,63.5,53,62,58.7,49,100,84.9,68,9,3.4,0,29.9,29.8,29.7,0,1,3
2018,9,21,72,66.1,58,63,60.8,56,97,83.6,66,10,3.2,0,30,29.9,29.9,0,1,3
2018,9,22,68,62.2,59,60,59.1,56,100,90.2,73,14,3.9,0,30,29.9,29.8,0,1,3
2018,9,23,69,62.5,59,59,58.4,57,93,86.9,68,14,5.9,0,29.9,29.8,29.8,0,1,3
2018,9,24,70,62.9,58,60,58.2,54,100,85.4,65,13,6.5,0,29.9,29.9,29.8,0,1,3
2018,9,25,67,61.9,59,58,56.9,55,90,83.7,70,12,6.4,0,29.9,29.9,29.9,0,1,3
2018,9,26,72,63.6,60,61,58.5,57,93,83.7,64,14,5.6,0,30,29.9,29.9,0,1,3
2018,9,27,71,64.8,61,62,60.3,59,97,85.6,68,8,4.9,0,29.9,29.9,29.8,0,1,3
2018,9,28,70,64.3,61,62,60.5,59,94,87.9,76,9,5.9,0,29.9,29.9,29.8,0,1,3
2018,9,29,71,64.6,56,60,57.3,52,93,78.2,59,12,3.5,0,29.9,29.9,29.8,0,1,3
2018,9,30,74,63.2,53,60,55.4,50,93,77,57,13,3.3,0,29.9,29.8,29.8,0,1,3
2018,10,1,82,65.2,52,61,54.8,43,93,72.5,25,14,4.1,0,29.9,29.8,29.7,0,1,3
2018,10,2,71,66.4,60,62,59.8,56,90,80,61,9,5.5,0,29.9,29.8,29.8,0,1,3
2018,10,3,69,66,61,65,62.1,59,93,87.3,73,12,6,0,29.9,29.9,29.9,0,1,3
2018,10,4,71,64.4,58,63,60.5,57,97,87.5,73,15,4.5,0,30,29.9,29.9,0.41,1,3
2018,10,5,76,65.7,54,61,57.3,47,97,75.9,38,15,5.1,0,30,29.9,29.8,0.01,1,3
2018,10,6,71,64.8,57,62,57.6,52,93,78.1,57,10,5.1,0,29.8,29.8,29.7,0,1,3
2018,10,7,75,64.9,53,62,55.3,45,93,73.3,34,12,4.4,0,29.8,29.8,29.7,0,1,3
2018,10,8,71,63.7,57,61,57.8,51,93,81.4,63,10,5.4,0,29.8,29.8,29.8,0,1,3
2018,10,9,70,65.5,60,60,56.9,54,87,74.2,57,9,5.5,0,29.9,29.8,29.8,0,1,3
2018,10,10,68,62.7,58,59,55.8,53,90,78.8,63,12,3.6,0,29.9,29.8,29.8,0,1,3
2018,10,11,69,63.1,54,57,53.6,50,86,72,52,9,3.8,0,29.9,29.8,29.8,0,1,3
2018,10,12,72,62.9,51,62,55.7,48,90,78.5,57,15,6.3,0,29.8,29.8,29.7,0,1,3
2018,10,13,72,65.4,60,62,58.9,56,90,80.2,57,12,4.3,0,29.9,29.8,29.8,0,1,3
2018,10,14,70,64.1,55,58,55.8,52,90,75,61,14,4.3,0,30,29.9,29.9,0,1,3
2018,10,15,75,62.4,51,54,48.5,41,93,64.4,34,15,4.4,0,30.1,30,30,0,1,3
2018,10,16,79,62.9,47,57,43.7,28,83,55.3,16,8,3.1,0,30.1,30,30,0,1,3
2018,10,17,79,62.2,49,58,45.8,33,86,59,19,12,3.5,0,30.1,30,30,0,1,3
2018,10,18,79,62.1,50,60,49.6,37,90,67.3,22,12,3.3,0,30.1,30,30,0,1,3
2018,10,19,86,67,49,52,40.3,28,83,46.4,15,14,4,0,30,30,29.9,0,1,3
2018,10,20,86,67.4,50,52,42.4,34,93,47,16,12,3.3,0,29.9,29.9,29.8,0,1,3
2018,10,21,72,63.9,56,60,54.7,44,93,72.5,60,8,3.8,0,29.9,29.9,29.8,0,1,3
2018,10,22,69,62.2,55,60,57.2,52,94,84.2,70,14,5.4,0,29.9,29.9,29.8,0,1,3
2018,10,23,74,63.3,54,60,56.8,53,97,80.9,50,9,4.2,0,29.9,29.9,29.8,0,1,3
2018,10,24,73,61.9,51,61,55.6,48,93,80.6,61,8,3.5,0,29.9,29.9,29.9,0,1,3
2018,10,25,71,60.9,53,60,56.5,51,100,86.3,68,13,5.2,0,30,30,29.9,0,1,3
2018,10,26,72,60.5,51,62,56.1,49,97,86.1,66,12,2.8,0,30,30,29.9,0,1,3
2018,10,27,69,59.4,53,61,57.5,51,100,93.9,73,9,3.6,0,30,30,29.9,0,1,3
2018,10,28,68,61.1,56,60,58.4,55,100,91.3,73,10,4.3,0,30,30,29.9,0,1,3
2018,10,29,68,58.5,51,60,55.9,50,100,91.7,73,9,2.8,0,30,29.9,29.9,0,1,3
2018,10,30,71,60.9,52,60,53.4,24,100,80.4,20,17,3.5,0,29.9,29.9,29.8,0,1,3
2018,10,31,75,60.7,48,56,44.8,37,87,60.6,25,8,3.6,0,30.1,30,29.9,0,1,3
2018,11,1,80,62.9,48,47,33.3,21,83,41.6,11,12,3.5,0,30.1,30,30,0,1,3
2018,11,2,80,64.3,51,61,44.5,35,90,54.4,23,12,2.7,0,30.1,30,29.9,0,1,3
2018,11,3,77,63.4,51,63,52.8,46,97,71.5,37,8,3.9,0,30,29.9,29.9,0,1,3
2018,11,4,76,62.7,52,61,53.1,44,93,72.5,49,7,3.6,0,30,29.9,29.9,0,1,3
2018,11,5,69,59.5,54,58,54.7,50,97,84.5,68,7,2.9,0,29.9,29.9,29.8,0,1,3
2018,11,6,70,62.4,52,59,55.6,51,97,79.3,61,12,4.5,0,29.9,29.9,29.9,0,1,3
2018,11,7,68,56.3,48,57,52.3,46,100,87.3,66,9,2.3,0,30,29.9,29.9,0,1,3
2018,11,8,71,59.5,50,57,52.5,43,96,78.6,59,10,3.4,0,30,29.9,29.9,0,1,3
2018,11,9,74,57.1,41,43,34.4,28,74,45.9,20,9,3.2,0,30.1,30,30,0,1,3
2018,11,10,71,55.7,40,54,41.1,23,86,61.1,20,9,3,0,30,29.9,29.9,0,1,3
2018,11,11,74,56.7,44,51,37.1,25,89,53.6,16,6,2,0,30.1,30,29.9,0,1,3
2018,11,12,75,56.6,42,36,28.5,13,68,39.9,10,8,2.9,0,30.3,30.2,30.1,0,1,3
2018,11,13,72,57.2,42,38,29.5,19,60,37.8,13,12,2.9,0,30.4,30.3,30.3,0,1,3
2018,11,14,73,58,45,46,34.4,27,64,43.7,20,13,3.6,0,30.3,30.2,30.1,0,1,3
2018,11,15,77,57.6,43,53,35.1,19,71,48.8,12,10,3.5,0,30.1,30,30,0,1,3
2018,11,16,69,56.5,46,58,46.3,34,97,70.9,38,7,1.9,0,30,30,29.9,0,1,3
2018,11,17,67,54.5,46,57,51.1,45,100,89.2,54,8,2.8,0,30.1,30,30,0,1,3
2018,11,18,67,55.4,49,55,50.9,47,97,85.7,59,8,2.3,0,30.1,30,30,0,1,3
2018,11,19,66,55.5,47,58,50.2,43,97,83,63,8,2.6,0,30,30,29.9,0,1,3
2018,11,20,69,54.7,43,53,46.9,43,100,78.2,39,8,2.6,0,30.1,30,30,0,1,3
2018,11,21,66,58.3,46,59,52.9,44,97,82.8,65,13,6.6,0,30.1,30.1,30,0,1,3
2018,11,22,70,55.6,46,57,51.3,46,100,87.4,49,18,3.4,0,30.2,30.1,30.1,0.51,1,3
2018,11,23,72,60.5,48,55,50.2,43,90,70.1,50,20,7,0,30.2,30.1,30,0,1,3
2018,11,24,78,65,56,56,52.2,46,89,65.3,32,18,8.6,0,30,29.9,29.8,0,1,3
2018,11,25,70,58.7,51,59,53.7,48,97,84.2,63,10,2.8,0,30.1,30,29.9,0,1,3
2018,11,26,73,58.7,46,54,46.2,41,96,67.1,36,8,2.7,0,30.1,30.1,30.1,0,1,3
2018,11,27,69,59.4,47,59,51,43,93,74.5,58,12,3.7,0,30.1,30,29.9,0,1,3
2018,11,28,63,58.1,48,60,55.4,46,100,90.9,72,13,4.6,0,29.9,29.9,29.8,0,1,3
2018,11,29,65,58.9,54,59,55.7,50,100,89.4,67,22,10.3,0,29.8,29.8,29.7,0,1,3
2018,11,30,66,58.1,48,49,43.3,34,80,60.3,34,18,10.5,0,30,29.9,29.8,0,1,3
2018,12,1,66,55.7,46,47,39.9,31,83,57.6,27,22,9.2,0,30,30,29.9,0,1,3
2018,12,2,64,54.8,44,44,35.7,26,73,50.1,32,16,5.9,0,30.1,30,29.9,0,1,3
2018,12,3,63,53.4,45,44,37.3,31,74,56.6,31,8,2.4,0,30.1,30.1,30,0,1,3
2018,12,4,67,55.1,42,53,43.5,37,93,67,37,16,5.2,0,30,30,29.9,0,1,3
2018,12,5,60,57.5,55,53,47,38,90,69.3,47,23,11.3,0,29.9,29.8,29.8,0.1,1,3
2018,12,6,62,58,56,53,51.5,49,90,79.5,67,12,6,0,30,29.8,29.8,0.08,1,3
2018,12,7,64,54.7,47,53,49.5,46,97,83.5,63,8,2.3,0,30.2,30.1,30,0.02,1,3
2018,12,8,67,53.7,43,52,45.5,42,97,76.9,44,7,1.8,0,30.3,30.2,30.2,0,1,3
2018,12,9,67,54.1,43,49,44.6,41,97,73.3,42,8,2.1,0,30.3,30.2,30.1,0,1,3
2018,12,10,63,53.5,46,55,48.7,44,97,84.2,67,8,2.3,0,30.1,30,30,0,1,3
2018,12,11,67,53,42,50,43.5,39,93,72.5,44,7,2.8,0,30.1,30,30,0,1,3
2018,12,12,63,52.3,41,55,46.7,37,97,82,56,13,3.7,0,30.2,30.1,30,0,1,3
2018,12,13,73,53.1,42,55,43.1,34,100,74,25,7,1.3,0,30.2,30.2,30.1,0,1,3
2018,12,14,65,54.7,46,55,45.9,38,93,73.7,40,14,3.5,0,30.2,30.1,30.1,0,1,3
2018,12,15,64,51.4,40,54,45.6,38,93,81.9,58,13,2.7,0,30.1,30.1,30,0,1,3
2018,12,16,64,51.6,42,55,47.4,40,100,86.8,56,14,3.3,0,30.1,30.1,30.1,0,1,3
2018,12,17,62,57.1,50,58,53.7,47,97,88.6,72,9,4.2,0,30.2,30.1,30.1,0.02,1,3
2018,12,18,64,53,44,53,47.7,42,97,83.5,58,8,2.3,0,30.2,30.2,30.1,0.19,1,3
2018,12,19,67,52.7,40,54,44.8,38,97,77.3,42,7,2.1,0,30.2,30.1,30.1,0,1,3
2018,12,20,66,52.9,41,56,47.8,39,97,83.9,50,9,2,0,30.1,30.1,30,0,1,3
2018,12,21,66,56.7,48,57,52.4,47,96,86.1,63,8,3.8,0,30,30,29.9,0,1,3
2018,12,22,63,52.1,45,56,49.1,44,100,90.3,67,8,2.5,0,30.1,30,29.9,0,1,3
2018,12,23,63,52,44,58,49.7,42,100,92.1,80,9,2.8,0,30.1,30.1,30.1,0,1,3
2018,12,24,74,61.6,48,55,48.3,40,100,64.5,37,17,8.7,0,30.1,30,29.9,0,1,3
2018,12,25,64,56.5,45,48,42.4,35,80,60.7,37,16,9.7,3,29.9,29.8,29.8,0,1,3
2018,12,26,67,52.3,40,47,37.6,31,83,61,29,10,3.1,0,30,30,29.9,0.09,1,3
2018,12,27,68,55,41,33,28,20,70,37.8,20,21,10,0,30,29.9,29.9,0,1,3
2018,12,28,59,49.5,40,38,30.2,23,79,49.1,29,12,4.8,0,30.2,30.1,30,0,1,3
2018,12,29,60,46.3,35,43,35.1,26,89,67.2,41,9,2.9,0,30.3,30.3,30.2,0,1,3
2018,12,30,65,48.7,35,48,39.3,31,89,71.7,45,12,2.3,0,30.2,30,29.9,0,1,3
2018,12,31,60,49.9,40,45,38.2,20,93,66.3,34,14,4.8,0,30,29.9,29.8,0,1,3
2019,1,1,57,44,31,33,26.8,21,79,54.6,27,9,3.1,0,30.2,30.1,30,0,1,3
2019,1,2,60,45.6,34,41,33,26,82,64.4,28,10,2.6,0,30.2,30.2,30.1,0,1,3
2019,1,3,62,46.5,32,41,33.1,27,82,62,36,8,2.3,0,30.2,30.1,30.1,0,1,3
2019,1,4,61,47.4,35,46,37.6,31,89,71,38,8,2.3,0,30.1,30,29.9,0,1,3
2019,1,5,58,50.8,42,50,45.8,39,97,83.4,66,21,7,0,29.9,29.9,29.9,0,0,3
2019,1,6,59,48.9,40,55,46.8,40,100,93.2,64,10,3.4,0,30.1,30,30,1.3,0,3
2019,1,7,60,55.8,48,56,54.1,48,100,94.2,83,14,6,0,30.2,30.1,30.1,1.8,0,3
2019,1,8,65,54.2,47,55,50.3,46,97,87.8,54,13,2.5,0,30.1,30.1,30,0.25,0,3
2019,1,9,60,53.7,47,55,51.3,46,97,92,75,9,3.7,0,30.1,30.1,30.1,0,0,3
2019,1,10,61,51.2,42,55,49,42,100,92.8,75,8,3,0,30.1,30.1,30.1,0.07,0,3
2019,1,11,60,55.7,51,53,51.8,49,100,87.3,72,17,9,0,30.1,30,29.9,0,0,3
2019,1,12,60,53.8,46,51,48.6,44,96,83,69,18,6.9,0,30.1,30,29.9,0.63,0,3
2019,1,13,58,52.4,42,52,46.9,41,96,82.4,67,16,6.3,0,30.1,30,29.9,0.36,0,3
2019,1,14,60,56.8,54,49,46.5,43,83,68.8,55,26,15.7,7,30,29.9,29.9,0,0,3
2019,1,15,57,54.6,52,52,50.3,48,97,85.8,72,18,12.4,0,30,30,29.9,0.02,0,3
2019,1,16,61,56.9,48,59,55,48,100,93.2,78,15,8.9,0,30.1,30.1,30,0.96,0,3
2019,1,17,61,58.6,51,60,57.4,50,100,95.5,86,14,7.2,0,30.2,30.1,30,0.35,0,3
2019,1,18,63,56.4,49,55,51.1,47,97,82.9,70,9,3.9,0,30.3,30.2,30.2,0.27,0,3
2019,1,19,71,55.3,45,51,47,44,97,77.4,41,7,2.6,0,30.3,30.2,30.1,0,0,3
2019,1,20,67,56.8,46,56,50.3,44,96,80.2,62,17,6.5,0,30.1,30,30,0,0,3
2019,1,21,63,55.9,49,41,35.9,32,61,48.3,33,31,14.4,0,30.2,30.1,30,0.01,0,3
2019,1,22,62,53.8,41,44,37,27,86,55.3,37,13,5.3,0,30.3,30.3,30.1,0,0,3
2019,1,23,62,49.8,37,47,39.5,33,89,70,41,8,2.4,0,30.3,30.2,30.1,0,0,3
2019,1,24,70,53.9,42,44,39.3,33,92,63,26,8,2.5,0,30.1,30.1,30.1,0,0,3
2019,1,25,69,53.9,41,47,39.3,35,89,63,30,9,2.8,0,30.2,30.1,30.1,0,0,3
2019,1,26,73,55.7,40,44,37.4,31,86,57,22,8,2,0,30.2,30.2,30.1,0,0,3
2019,1,27,69,55.2,43,53,44.3,38,97,69.6,33,8,2.3,0,30.2,30.1,30,0,0,3
2019,1,28,67,55.3,44,54,47.6,41,90,77.1,44,7,3.1,0,30,29.9,29.9,0,0,3
2019,1,29,63,56,49,57,52.1,46,96,87,75,10,3.4,0,29.9,29.9,29.8,0,0,3
2019,1,30,62,55.3,45,57,52.6,45,100,90.6,80,12,5.3,0,29.9,29.9,29.9,0,0,3
2019,1,31,60,56.1,48,55,52.5,47,100,88.1,64,22,7.9,0,29.9,29.9,29.8,0,0,3